Cell_ID,MERFISH_cell_type_annotation.y
2796212800954100068,DH_ex_Grpr
2707604000123100074,oligodendrocyte_progenitor_2
2796212800080100088,astrocyte_1
2946331700000000970,oligodendrocyte_2
2796212800882100299,DH_in_Rorb
2787889600415100083,astrocyte_1
2795903600185100289,oligodendrocyte_progenitor_2
2707737900071100040,astrocyte_1
2707604800079100103,oligodendrocyte_progenitor_2
2946331700000004334,DH_ex_Reln/Npff
2707604000055100159,oligodendrocyte_progenitor_2
2726562700214100107,astrocyte_1
2656144300085100039,astrocyte_1
2795584800450100248,DH_ex_Reln/Nmur2
2795584800377100133,astrocyte_1
2946331700000021200,astrocyte_2
2796212800583100061,oligodendrocyte_progenitor_2
2795903600032100208,MV_in_Sema5b
2795584800701100118,microglia
2707737900088100227,DH_ex_Maf/Cck
2945606900000016721,astrocyte_1
2787445900353100151,DH_ex_Reln/Nmur2
2787889600396100098,oligodendrocyte_progenitor_2
2707604700012100061,oligodendrocyte_progenitor_2
2796212800419200150,oligodendrocyte_progenitor_2
2795584800434100041,DH_ex_Prkcg/Rxfp1
2946331700000012595,DH_in_Cdh3
2946331700000014061,DH_ex_Gpr83
2787445900326100163,oligodendrocyte_progenitor_2
2707604800339100051,oligodendrocyte_1
2656143800102100138,oligodendrocyte_2
2795584800088100291,oligodendrocyte_1
2707604000057100194,DH_ex_Tac2
2707604800142100101,oligodendrocyte_progenitor_2
2787445900462100145,MV_in_Sema5b
2796212800824100031,DH_in_Npy
2656143800419200165,MV_ex_Shox2
2656144900288100174,DH_ex_Sox5
2787889600409100080,DH_in_Npy2r
2795584800449100215,oligodendrocyte_progenitor_2
2656144900111100080,DH_ex_Maf/Cpne4
2795584800410100108,oligodendrocyte_2
2787445900387100096,DH_ex_Sox5/Tac1
2795103300108100035,alpha_motoneuron
2796212800980200153,DH_in_Pdyn/Gal
2707604700059100099,astrocyte_2
2946331700000010711,astrocyte_1
2787889600024100204,DH_in_Cdh3
2726544600029100088,M_ex_Vsx2/Shox2
2656144300210100201,astrocyte_1
2707604700035100138,endothelial
2946331700000007152,oligodendrocyte_progenitor_2
2787445900798100070,endothelial
2796212800951100050,oligodendrocyte_progenitor_2
2796212800601100057,oligodendrocyte_1
2707604700224100246,oligodendrocyte_progenitor_2
2656144900610100044,astrocyte_1
2707604700106100117,oligodendrocyte_progenitor_2
2795584800480100215,meninges_3
2707604000043200042,Schwann_cell
2707604000041100035,DM_ex_Zfhx3
2787445900688100075,astrocyte_2
2656144900421100081,astrocyte_1
2795903600062100021,oligodendrocyte_2
2656143800078100252,DH_in_Cdh3
2707604800242100146,DH_ex_Maf/Cck
2787889600279100093,DH_ex_Nmu/Tac2
2795584800386100122,alpha_motoneuron
2656144900235100127,oligodendrocyte_progenitor_2
2707737900089100156,DH_in_Npy2r
2945606900000006501,oligodendrocyte_progenitor_2
2707604000056100254,M_in_Tfap2b
2945606900000010124,microglia
2945606900000017137,oligodendrocyte_2
2795584800161100090,DH_ex_Prkcg/Nts
2787889600193100045,DH_in_Pdyn
2707604700223100175,oligodendrocyte_progenitor_2
2656144900504100185,endothelial
2656144300084100094,MV_in_Esrrb
2795584800154100105,alpha_motoneuron
2787445900360100178,astrocyte_1
2707604700366100023,MV_ex_Syt2
2787445900396100260,astrocyte_1
2796212800825100072,oligodendrocyte_progenitor_2
2787889600389100028,alpha_motoneuron
2787445900326100090,DM_ex_Zfhx3
2707604800383100049,MV_in_Gabra1
2707604800162100195,Schwann_cell
2796212800946100129,astrocyte_1
2796212800914100091,oligodendrocyte_progenitor_2
2656144900350100089,DM_ex_Zfhx3
2656144900235100081,astrocyte_1
2787445900161100059,Schwann_cell
2795903600615100162,astrocyte_1
2656144900190100295,DH_ex_Prkcg/Nts
2787889600546100330,MV_in_Gabra1
2656144300062100061,MV_in_Gabra1
2795903600243100009,meninges_3
2787445900841100019,endothelial
2707604800382100195,astrocyte_1
2795584800385100215,oligodendrocyte_progenitor_2
2656144900536100021,astrocyte_1
2796212800296100049,oligodendrocyte_1
2726562800240200094,oligodendrocyte_1
2707604000042100305,DH_ex_Prkcg/Nts
2656144900264100124,alpha_motoneuron
2787445900686100165,oligodendrocyte_progenitor_2
2796212801041100057,astrocyte_1
2787445900244100072,oligodendrocyte_2
2707604000056100016,VH_in_Chat
2795903600642100170,oligodendrocyte_1
2787445900358100026,oligodendrocyte_2
2726544600219100150,astrocyte_1
2796212801041100119,alpha_motoneuron
2796212800560100117,DH_ex_Prkcg/Cck
2796212800890100108,DH_ex_Sox5/Tac1
2707604700248100281,astrocyte_1
2787445900898100023,oligodendrocyte_2
2707604700248100091,M_ex_Neurod2
2945606900000009855,DH_in_Cdh3
2656144900371100102,oligodendrocyte_1
2707604000140100227,DH_ex_Prkcg/Rxfp1
2946331700000008101,DH_in_Npy
2787889600546100277,DM_ex_Zfhx3
2707604000093200010,astrocyte_2
2787445900685100073,oligodendrocyte_progenitor_2
2795103300084100052,MV_in_Gm26673
2795903600518200075,astrocyte_1
2795903600322100187,DH_ex_Sox5/Tac1
2787889600160100006,endothelial
2707604700085200167,oligodendrocyte_progenitor_2
2707737900147100108,DH_in_Npy2r
2656144300102100114,DH_ex_Cpne4
2656143800190200105,astrocyte_1
2707604700070100030,oligodendrocyte_progenitor_2
2656144900562100025,endothelial
2707604000053100097,oligodendrocyte_progenitor_2
2946331700000008807,MV_in_Gm26673
2787889600616100045,oligodendrocyte_2
2796212800493100149,MV_in_Gm26673
2787889600230100284,MV_ex_Syt2
2795903600408100065,astrocyte_1
2796212800888100135,oligodendrocyte_1
2707604700364100214,endothelial
2796212800297200055,oligodendrocyte_progenitor_2
2796212800487100223,oligodendrocyte_progenitor_2
2795103300372200056,oligodendrocyte_progenitor_2
2787445900399100134,M_ex_Vsx2/Shox2
2946331700000015639,oligodendrocyte_2
2656144900164100025,oligodendrocyte_progenitor_2
2946331700000002079,alpha_motoneuron
2656143800153100117,MV_ex_Syt2
2787445900588100075,oligodendrocyte_progenitor_2
2787889600313100112,DM_ex_Zfhx3
2796212800715100019,endothelial
2787445900897100064,oligodendrocyte_progenitor_2
2795903600479100093,astrocyte_1
2787445900262100140,MV_in_Gabra1
2707604800363100234,oligodendrocyte_progenitor_2
2945606900000001828,MV_in_Gm26673
2787445900658100058,oligodendrocyte_progenitor_2
2946331700000010666,DH_ex_Grpr
2787445900130100018,DH_ex_Prkcg/Rxfp1
2707604700067100155,MV_in_Sema5b
2787889600481100218,astrocyte_1
2796212800855100087,oligodendrocyte_progenitor_2
2796212801010100236,oligodendrocyte_progenitor_2
2795584800345100210,alpha_motoneuron
2945606900000010234,oligodendrocyte_2
2795903600693100057,MV_ex_Shox2
2787445900645100111,DH_in_Pdyn/Gal
2656144900584100135,oligodendrocyte_1
2656144900264100112,astrocyte_1
2656143800079100021,oligodendrocyte_progenitor_2
2656144300126100018,oligodendrocyte_progenitor_1
2796212800947100084,astrocyte_2
2707604000102100016,astrocyte_1
2656143800393100043,MV_in_Sema5b
2707604800082100014,oligodendrocyte_progenitor_2
2707604700086100193,DH_ex_Gpr83
2707604700274100029,oligodendrocyte_progenitor_2
2796212800757100248,alpha_motoneuron
2656143800131100046,endothelial
2707604800077100314,oligodendrocyte_2
2795584800167100151,MV_ex_Syt2
2787445900231100213,endothelial
2787889600348100214,DM_ex_Zfhx3
2707604700338100032,astrocyte_2
2787445900681100130,DH_ex_Maf/Cck
2707604000087100239,endothelial
2795103300331100270,MV_in_Chrna2
2707737900035100098,oligodendrocyte_progenitor_2
2796212800631100050,MV_in_Sema5b
2787445900164100113,oligodendrocyte_precursor_cell
2707737900087100141,endothelial
2796212800376100082,microglia
2787445900730100034,oligodendrocyte_2
2787445900432100029,oligodendrocyte_2
2787445900300100156,oligodendrocyte_progenitor_2
2787445900253100202,DH_ex_Maf/Cck
2707604800142100197,MV_in_Gabra1
2795103300148100201,oligodendrocyte_progenitor_2
2795584800389100159,MV_in_Gm26673
2656144900352100168,MV_in_Sema5b
2946331700000003245,MV_in_Gabra1
2707604700091100216,DH_in_Rorb
2726562800117100221,DH_ex_Tac2
2796212800922100088,astrocyte_1
2795103300232100182,oligodendrocyte_precursor_cell
2656144900288100036,endothelial
2796212800561100090,M_in_Tfap2b
2795584800169100031,endothelial
2707604700341100039,MV_in_Gabra1
2787889600390100059,alpha_motoneuron
2787889600450100151,oligodendrocyte_progenitor_2
2795584800389100096,astrocyte_1
2656144900190100144,DH_ex_Reln/Nmur2
2795103300347100038,oligodendrocyte_2
2707604700227100012,astrocyte_2
2656144900585100048,oligodendrocyte_1
2787445900351100087,oligodendrocyte_progenitor_2
2946331700000012796,DH_ex_Cpne4
2656144900264100107,endothelial
2796212800748100095,astrocyte_1
2707737900073100227,oligodendrocyte_2
2656144300164100166,DH_ex_Grp
2787445900193100145,oligodendrocyte_2
2656143800104200190,oligodendrocyte_progenitor_2
2796212800594100177,oligodendrocyte_progenitor_2
2946331700000014936,astrocyte_1
2787445900245100048,astrocyte_1
2787445900895100085,MV_ex_Syt2
2946331700000000780,oligodendrocyte_progenitor_2
2656143800053100107,M_in_Tfap2b
2787445900206200104,astrocyte_1
2726543700142100163,astrocyte_1
2787445900859100045,DH_ex_Reln/Npff
2787445900858100203,oligodendrocyte_progenitor_2
2656143800241100024,endothelial
2946331700000005085,M_in_Tfap2b
2946331700000015071,oligodendrocyte_progenitor_2
2707604000083100077,oligodendrocyte_2
2796212800428100041,astrocyte_1
2656144300125100173,MV_ex_Syt2
2656144900113100186,MV_in_Gm26673
2796212800881100167,oligodendrocyte_progenitor_2
2656144300165100159,MV_in_Gabra1
2795903600327100169,endothelial
2795903600237100116,alpha_motoneuron
2787445900791100061,astrocyte_2
2656144900583100064,astrocyte_1
2787445900094100118,astrocyte_1
2787889600441100079,MV_in_Sema5b
2946331700000021636,oligodendrocyte_2
2787889600351100030,astrocyte_1
2796212800355100037,astrocyte_1
2787445900623100020,MV_in_Esrrb
2787889600059100121,endothelial
2707604800221100086,astrocyte_1
2787889600313100228,oligodendrocyte_progenitor_2
2795903600540100034,oligodendrocyte_progenitor_2
2796212800462100180,oligodendrocyte_progenitor_2
2796212800747100207,DM_ex_Zfhx3
2707604800340100111,MV_in_Sema5b
2656144900220100341,oligodendrocyte_progenitor_2
2945606900000016925,DM_ex_Zfhx3
2787889600581100174,endothelial
2787889600482100182,astrocyte_1
2656144900216100057,astrocyte_1
2656144900113100111,alpha_motoneuron
2787889600411100083,DH_ex_Reln/Nmur2
2787889600195100165,astrocyte_1
2707604700057100073,oligodendrocyte_2
2795903600185200063,astrocyte_1
2707604800361100133,oligodendrocyte_progenitor_2
2795903600590100199,DH_ex_Prkcg/Nts
2796212800599100159,oligodendrocyte_1
2707737900050100036,oligodendrocyte_progenitor_2
2795903600215100061,oligodendrocyte_2
2726562700162100097,alpha_motoneuron
2787889600379100224,astrocyte_1
2707604000140100181,DH_ex_Tac2
2656143800392100175,oligodendrocyte_progenitor_2
2656143800390100017,Schwann_cell
2795103300197100198,oligodendrocyte_progenitor_2
2726562800118100029,M_ex_Vsx2/Shox2
2707604000071100054,M_ex_Neurod2
2656144900288100088,DH_ex_Reln
2787889600230100135,oligodendrocyte_progenitor_2
2787445900252100201,DH_in_Cdh3
2796212800296100099,oligodendrocyte_progenitor_2
2795903600186100098,DH_in_Npy2r
2726562800058100121,oligodendrocyte_1
2656144900396100245,MV_in_Gabra1
2656143800129100194,oligodendrocyte_2
2707604700342100254,oligodendrocyte_2
2787889600397100156,oligodendrocyte_progenitor_1
2796212800599100280,alpha_motoneuron
2795584800239100092,DH_in_Pdyn
2707604800079100128,oligodendrocyte_progenitor_2
2787889600060100122,oligodendrocyte_2
2707604700339100024,oligodendrocyte_2
2787445900095100060,oligodendrocyte_1
2795584800345100169,oligodendrocyte_progenitor_2
2796212800394100016,alpha_motoneuron
2656143800443100282,oligodendrocyte_progenitor_2
2787445900679100163,oligodendrocyte_progenitor_2
2795103300179100125,M_in_Tfap2b
2656144900489100170,MV_in_Gm26673
2656144900140100097,astrocyte_1
2796212800529100209,DH_in_Cdh3
2787889600514100132,astrocyte_1
2787445900896100099,oligodendrocyte_progenitor_2
2656144900111100317,oligodendrocyte_progenitor_2
2787445900620100027,MV_in_Gabra1
2707604800014100180,astrocyte_1
2796212800823100260,oligodendrocyte_progenitor_2
2707604700338100124,gamma_motoneuron
2795584800241100104,oligodendrocyte_1
2707604000058100035,DH_ex_Reln
2796212800888100307,MV_in_Gm26673
2656144300168200015,microglia
2707737900061100154,oligodendrocyte_precursor_cell
2707604700203200037,endothelial
2796212800271100017,MV_in_Sema5b
2707737900085200010,astrocyte_1
2707604700367100078,DH_ex_Prkcg/Cck
2795903600033100172,oligodendrocyte_2
2787445900822100086,DH_in_Npy2r
2787445900622100051,astrocyte_1
2707604800361100033,astrocyte_1
2796212801011100149,astrocyte_1
2946331700000015037,MV_ex_Shox2
2787445900761100284,oligodendrocyte_progenitor_2
2787889600094100191,MV_ex_Syt2
2656143800391100044,DH_ex_Reln
2796212800442100051,DH_in_Pdyn/Gal
2707604700249100101,MV_ex_Syt2
2787889600349100032,microglia
2946331700000003140,MV_ex_Syt2
2707604800343100166,DH_ex_Reln/Nmur2
2787445900330100015,DH_in_Pdyn/Gal
2787889600318100087,oligodendrocyte_progenitor_2
2795584800412100304,MV_in_Gabra1
2656144900395100164,astrocyte_1
2707604700061100008,oligodendrocyte_progenitor_2
2726562800262100019,MV_in_Sema5b
2945606900000003363,endothelial
2787445900249100100,DH_in_Pdyn/Gal
2787889600409100174,oligodendrocyte_progenitor_2
2787445900362100150,MV_ex_Syt2
2656144900535100096,oligodendrocyte_progenitor_2
2796212801018100064,DH_in_Cdh3
2787889600025100052,meninges_1
2787445900698100149,astrocyte_1
2795103300148100032,alpha_motoneuron
2787889600169100032,oligodendrocyte_precursor_cell
2656144300125100167,astrocyte_1
2796212800854100064,M_ex_Vsx2/Shox2
2795103300197100113,M_ex_Vsx2
2656143800217100082,oligodendrocyte_progenitor_2
2787445900400100191,beta_motoneuron
2795903600320100185,oligodendrocyte_progenitor_2
2707604800425100183,DH_ex_Reln/Npff
2787445900395100117,endothelial
2795903600158100030,DH_ex_Grpr
2946331700000002654,DH_ex_Prkcg/Rxfp1
2795903600410100060,oligodendrocyte_progenitor_2
2656144900211100056,endothelial
2656144900589100189,M_ex_Neurod2
2796212801009100074,alpha_motoneuron
2795903600242100134,astrocyte_1
2787445900358100134,oligodendrocyte_progenitor_2
2707604000095100174,astrocyte_1
2787445900400200097,oligodendrocyte_progenitor_2
2787889600126100101,oligodendrocyte_2
2795584800421100234,MV_in_Gabra1
2726562700259100144,oligodendrocyte_progenitor_2
2796212800761100070,Schwann_cell
2787445900324100280,astrocyte_1
2945606900000006293,DH_ex_Maf/Cck
2795903600194100247,oligodendrocyte_progenitor_2
2707604700387100155,astrocyte_1
2707604700250100310,oligodendrocyte_progenitor_2
2946331700000004751,oligodendrocyte_progenitor_2
2796212800593100249,DM_ex_Zfhx3
2787445900549100184,DH_in_Npy
2796212800791100188,oligodendrocyte_progenitor_2
2656143800317100110,endothelial
2656144900529100134,DH_ex_Nmu/Tac2
2707604000087100094,DH_in_Npy
2945606900000002033,endothelial
2656144900426100092,oligodendrocyte_2
2787445900088100181,oligodendrocyte_precursor_cell
2787445900096200073,astrocyte_2
2795584800203200112,astrocyte_1
2656144900371100133,endothelial
2787889600351100294,oligodendrocyte_progenitor_2
2707604800014100106,DH_ex_Sox5
2787889600386100182,astrocyte_1
2787445900597100034,DM_ex_Zfhx3
2787445900548100266,DM_ex_Zfhx3
2795584800471100038,DH_ex_Sox5
2795903600115100190,DH_in_Pdyn
2795903600301100164,oligodendrocyte_progenitor_2
2796212800920100105,oligodendrocyte_1
2787445900545100303,endothelial
2787445900253100093,DH_ex_Cpne4
2707604700271100115,oligodendrocyte_progenitor_2
2946331700000017785,oligodendrocyte_progenitor_2
2787889600056100136,DM_ex_Zfhx3
2707604000067100151,oligodendrocyte_2
2787889600351100107,endothelial
2795584800414100129,astrocyte_2
2787445900659100207,oligodendrocyte_2
2787889600422100094,oligodendrocyte_progenitor_2
2787445900172100018,MV_ex_Syt2
2656143800192100097,alpha_motoneuron
2787889600058100126,astrocyte_1
2795584800449100047,oligodendrocyte_progenitor_2
2795584800238100248,DH_ex_Sox5
2656144900140100214,oligodendrocyte_progenitor_2
2787889600544200026,DH_ex_Sox5
2795584800089100106,oligodendrocyte_progenitor_2
2796212800855100344,astrocyte_1
2787445900325100119,oligodendrocyte_progenitor_2
2796212800388100189,oligodendrocyte_1
2946331700000012614,microglia
2795903600349100032,DH_ex_Reln/Nmur2
2796212800279100075,MV_ex_Syt2
2787445900724100035,DH_ex_Prkcg/Cck
2796212800109100204,DM_ex_Zfhx3
2787889600130100023,endothelial
2796212801010100096,M_ex_Vsx2/Shox2
2946331700000005636,meninges_1
2795903600348100068,DH_ex_Prkcg/Rxfp1
2795903600186100074,oligodendrocyte_progenitor_2
2787445900288100131,DH_ex_Maf/Cck
2787889600449100087,MV_in_Gabra1
2707604800221100111,oligodendrocyte_2
2787889600314100178,oligodendrocyte_progenitor_2
2795903600143100347,astrocyte_1
2656144900529100180,DH_in_Pdyn
2795584800360100035,DH_in_Npy2r
2795584800422100168,oligodendrocyte_1
2787889600362100119,MV_ex_Syt2
2726562700255100059,MV_ex_Syt2
2787445900682100121,DH_ex_Reln
2795903600348100199,astrocyte_1
2787445900053100152,astrocyte_1
2656143800391100242,DH_in_Cdh3
2946331700000006646,astrocyte_1
2946331700000015748,microglia
2787889600129100159,endothelial
2726562800078100018,astrocyte_1
2656143800216100259,astrocyte_1
2656144900540100087,oligodendrocyte_progenitor_2
2707604800200100008,oligodendrocyte_2
2795103300400100026,oligodendrocyte_progenitor_2
2656144900531200110,MV_in_Gm26673
2707604700034100042,endothelial
2796212800522100094,MV_in_Gabra1
2796212800758100177,oligodendrocyte_progenitor_2
2795903600355100024,DH_in_Pdyn/Gal
2946331700000013131,oligodendrocyte_progenitor_2
2707604700366100029,DH_in_Cdh3
2787889600194100139,DH_ex_Maf/Cck
2707604000069100141,MV_in_Chrna2
2707604800384100092,oligodendrocyte_1
2945606900000003323,MV_ex_Shox2
2656144900139100212,oligodendrocyte_progenitor_2
2656143800443100030,MV_in_Chrna2
2795584800170100043,alpha_motoneuron
2796212800396100083,MV_in_Sema5b
2795103300120100075,MV_in_Gabra1
2795903600160100102,astrocyte_1
2787889600445100238,MV_in_Gm26673
2796212800977100211,astrocyte_1
2796212800438100102,alpha_motoneuron
2787445900263100093,DH_ex_Sox5/Tac1
2795903600143100217,microglia
2787889600317100019,oligodendrocyte_progenitor_2
2787445900697100153,oligodendrocyte_precursor_cell
2787445900132100112,astrocyte_1
2795903600115100108,MV_in_Gabra1
2707604000058100059,DH_ex_Reln/Npff
2707604700045100092,oligodendrocyte_progenitor_2
2707604800300100076,meninges_3
2945606900000003431,M_in_Tfap2b
2787445900764100091,oligodendrocyte_2
2796212800463100136,astrocyte_2
2656144900288100082,DH_ex_Sox5/Tac1
2787445900088100201,astrocyte_1
2707604700411100041,oligodendrocyte_progenitor_2
2795103300182100132,M_in_Tfap2b
2946331700000008099,oligodendrocyte_1
2796212800625100108,oligodendrocyte_progenitor_2
2787445900596100029,oligodendrocyte_progenitor_2
2656144900210100220,astrocyte_1
2656144300210100180,endothelial
2787889600023100184,DH_ex_Maf/Cck
2795103300347100069,MV_in_Gm26673
2656144900344200034,endothelial
2795903600488200054,oligodendrocyte_progenitor_2
2946331700000020406,astrocyte_1
2787889600326100101,DH_in_Cdh3
2795903600269100056,astrocyte_1
2707737900147100131,astrocyte_2
2787445900549100057,DH_ex_Nmu/Tac2
2787445900363100109,MV_ex_Shox2
2656144900396100117,DH_in_Npy
2707604800120100121,MV_ex_Syt2
2787445900367100068,astrocyte_1
2656143800266100066,DH_ex_Tac2
2787445900620100119,astrocyte_1
2787445900287100020,oligodendrocyte_2
2946331700000013136,astrocyte_2
2796212800174200033,oligodendrocyte_progenitor_2
2787445900682100023,DH_ex_Nmu/Tac2
2787445900717100259,oligodendrocyte_progenitor_2
2787889600387100027,oligodendrocyte_progenitor_2
2795584800138100048,M_ex_Vsx2
2796212800954100037,DH_ex_Reln/Nmur2
2796212800656100013,oligodendrocyte_2
2796212800980100181,DH_in_Rorb
2796212800563100072,astrocyte_2
2656144900565200005,endothelial
2787889600385100039,astrocyte_1
2795584800347100131,oligodendrocyte_2
2945606900000018196,oligodendrocyte_2
2707604700272100061,oligodendrocyte_progenitor_2
2787889600169100011,oligodendrocyte_2
2795903600614100101,endothelial
2795584800494100046,astrocyte_1
2707604700248100112,endothelial
2787889600166100085,oligodendrocyte_2
2796212800945100124,cholinergic_interneuron
2945606900000012658,astrocyte_1
2796212800881100171,endothelial
2795903600516100080,MV_in_Sema5b
2787445900686200056,meninges_1
2796212800747100330,DH_ex_Grp
2707604700037100110,oligodendrocyte_progenitor_2
2796212800407100078,endothelial
2707737900146100230,astrocyte_1
2787445900267100064,oligodendrocyte_2
2656144900616100101,endothelial
2787445900162100163,oligodendrocyte_progenitor_2
2945606900000017181,oligodendrocyte_progenitor_2
2656144900589100274,MV_in_Gm26673
2795584800700100078,alpha_motoneuron
2656144900558100076,endothelial
2796212800593100302,oligodendrocyte_progenitor_1
2796212800780100136,oligodendrocyte_1
2946331700000005008,astrocyte_1
2707604700364200132,M_ex_Vsx2
2787445900660100159,oligodendrocyte_1
2726562800039100045,MV_in_Gm26673
2796212800979100244,DH_ex_Maf/Cck
2707604700086100104,DH_ex_Maf/Cck
2707604800082100213,oligodendrocyte_progenitor_2
2787445900131100119,DH_in_Npy
2707604700107100117,endothelial
2795903600640100197,MV_in_Gabra1
2707604800199100015,Schwann_cell
2795103300445100066,M_in_Tfap2b
2796212800362100139,oligodendrocyte_progenitor_2
2787445900265100191,DH_in_Npy2r
2707604800162100025,oligodendrocyte_1
2707604800424100113,DH_ex_Maf/Cck
2795103300233100215,DH_ex_Grpr
2656144900584100073,astrocyte_1
2795103300346200080,oligodendrocyte_progenitor_2
2795584800174100059,oligodendrocyte_progenitor_2
2656144900395100116,oligodendrocyte_2
2796212800264100143,MV_in_Esrrb
2787445900390100040,astrocyte_1
2795103300233100240,DH_in_Pdyn/Gal
2795903600185100128,oligodendrocyte_progenitor_2
2787445900691100035,endothelial
2796212800376100075,oligodendrocyte_progenitor_2
2787445900241100098,astrocyte_2
2656144900289100234,oligodendrocyte_progenitor_2
2795103300371100149,astrocyte_1
2787445900682200034,astrocyte_2
2787445900363100060,MV_in_Esrrb
2787889600094100041,MV_ex_Syt2
2795903600481100038,oligodendrocyte_2
2787445900265100031,peripheral_glia
2795103300367100209,DH_ex_Sox5
2796212800079100059,DM_ex_Zfhx3
2795903600515100116,oligodendrocyte_progenitor_2
2707604000110100093,DH_ex_Prkcg/Nts
2656143800052100261,astrocyte_1
2795903600429100025,oligodendrocyte_2
2787889600397100201,oligodendrocyte_2
2796212800430100025,oligodendrocyte_progenitor_2
2796212801012100091,DH_in_Cdh3
2707604700093200082,oligodendrocyte_progenitor_2
2707737900062100025,DH_in_Cdh3
2796212800430100073,oligodendrocyte_progenitor_2
2787889600413100051,oligodendrocyte_precursor_cell
2795584800493100169,DH_ex_Tac2
2707604000071100253,oligodendrocyte_progenitor_2
2796212800396100240,MV_in_Esrrb
2787445900232100082,oligodendrocyte_2
2787445900859100142,oligodendrocyte_progenitor_2
2707604000101100034,DH_in_Npy
2707604700081100111,MV_in_Gm26673
2796212800666100053,DH_ex_Sox5
2795584800448100151,DH_ex_Prkcg/Rxfp1
2796212800594100146,astrocyte_2
2787889600232100174,oligodendrocyte_progenitor_2
2787889600397100021,MV_in_Esrrb
2787445900361200127,endothelial
2656143800390100227,DH_in_Pdyn
2795903600295100207,M_in_Tfap2b
2795903600353100060,MV_in_Gabra1
2796212800779100056,oligodendrocyte_progenitor_2
2656144900353100061,oligodendrocyte_progenitor_1
2787889600061100118,oligodendrocyte_precursor_cell
2787889600410100292,astrocyte_2
2795103300118100199,oligodendrocyte_1
2945606900000003092,DH_ex_Prkcg/Nts
2707604000139100060,astrocyte_1
2787889600446100145,endothelial
2795584800435100130,DH_ex_Prkcg/Nts
2787445900050100016,DH_ex_Nmu/Tac2
2656143800265100041,oligodendrocyte_2
2656143800002100058,meninges_1
2796212800398100248,MV_ex_Syt2
2795103300143100101,oligodendrocyte_1
2707604000153100060,M_ex_Vsx2/Shox2
2796212800441100124,DH_ex_Sox5
2656144900166100245,M_ex_Vsx2/Shox2
2787445900761100170,MV_in_Gabra1
2787889600377100093,oligodendrocyte_2
2787445900290100066,oligodendrocyte_precursor_cell
2787445900402100078,oligodendrocyte_progenitor_2
2795584800400100368,oligodendrocyte_2
2787445900715100089,endothelial
2656144900165100034,M_in_Tfap2b
2795584800383100034,endothelial
2795103300197200155,oligodendrocyte_1
2787445900363100154,astrocyte_1
2707604700317100199,endothelial
2656144900236100214,DH_in_Cdh3
2795103300446100278,DH_ex_Reln/Nmur2
2787445900769100104,astrocyte_1
2726562700214100220,astrocyte_1
2656144900110100155,DH_ex_Sox5
2795584800671100101,alpha_motoneuron
2707737900088100072,oligodendrocyte_2
2946331700000001636,astrocyte_1
2795584800169100219,astrocyte_1
2656143800367200107,oligodendrocyte_progenitor_2
2787889600546100178,oligodendrocyte_progenitor_2
2707604700015200014,meninges_1
2795903600168100288,astrocyte_1
2787445900225100073,DH_in_Npy2r
2787445900364100120,oligodendrocyte_progenitor_2
2795584800345100125,oligodendrocyte_progenitor_2
2707604700222100045,astrocyte_1
2787889600388100101,MV_in_Esrrb
2656143800189100094,astrocyte_1
2726544600191100258,MV_in_Sema5b
2795584800483100085,DH_ex_Reln/Nmur2
2787889600168200086,oligodendrocyte_progenitor_2
2656144900421100264,astrocyte_1
2795903600695100047,MV_in_Sema5b
2656144900590100018,astrocyte_1
2787889600373100113,DH_in_Rorb
2787445900362100044,MV_in_Gm26673
2656143800165100125,MV_in_Esrrb
2787445900752100108,MV_in_Gabra1
2787445900134100278,oligodendrocyte_1
2795584800454100142,astrocyte_1
2656144900558100185,MV_in_Gm26673
2656144900589100292,M_in_Tfap2b
2946331700000010805,endothelial
2795903600241100105,DM_ex_Zfhx3
2787889600132100153,alpha_motoneuron
2795903600212100046,DH_ex_Maf/Cck
2787889600399100115,oligodendrocyte_progenitor_2
2795903600353100061,MV_ex_Syt2
2656144900589100095,DH_ex_Prkcg/Rxfp1
2787445900268100065,oligodendrocyte_progenitor_1
2787445900426100078,oligodendrocyte_progenitor_2
2787889600486100186,astrocyte_1
2787889600278100123,oligodendrocyte_2
2656144900368100158,astrocyte_1
2796212800242100034,astrocyte_1
2795584800420100118,DM_ex_Zfhx3
2795584800672100080,M_ex_Vsx2
2707604800343100093,oligodendrocyte_1
2787445900249100064,oligodendrocyte_2
2796212800635100098,DH_ex_Tac2
2796212800815100102,oligodendrocyte_progenitor_2
2707737900062100141,oligodendrocyte_progenitor_2
2787889600406100087,astrocyte_1
2707604700132100042,DH_ex_Prkcg/Cck
2796212800855100174,DM_ex_Zfhx3
2787445900431100107,oligodendrocyte_2
2787445900898100037,MV_in_Gm26673
2796212800911100196,MV_in_Esrrb
2707604000056100153,DM_ex_Zfhx3
2707604800123100078,oligodendrocyte_2
2945606900000006785,astrocyte_1
2795903600518100056,DH_in_Npy2r
2795903600518100076,meninges_3
2707604000069100042,astrocyte_1
2796212801044100225,meninges_2
2787445900253100208,DH_in_Cdh3
2795903600640100065,oligodendrocyte_progenitor_2
2656144900608100211,DH_in_Rorb
2707604800219100008,oligodendrocyte_2
2795584800458100224,oligodendrocyte_progenitor_2
2707604000137100173,astrocyte_1
2796212800855100291,astrocyte_1
2707737900074100139,microglia
2787889600095200064,oligodendrocyte_progenitor_2
2707604800139100014,astrocyte_2
2796212800788100169,oligodendrocyte_progenitor_2
2707604700092100239,astrocyte_1
2707604800220100083,oligodendrocyte_progenitor_2
2707604700083100239,endothelial
2796212800882100327,DH_ex_Prkcg/Nts
2787445900499100198,astrocyte_2
2796212800537100164,DH_ex_Cpne4
2707604000126100296,Schwann_cell
2656144300140100208,DH_in_Cdh3
2787445900511100097,DH_in_Npy
2656144900503100113,DH_ex_Sox5/Tac1
2787445900395100051,alpha_motoneuron
2656143800469100211,oligodendrocyte_progenitor_2
2795903600348100051,astrocyte_1
2795903600437100130,M_in_Tfap2b
2796212800109100106,oligodendrocyte_progenitor_2
2707604700342100223,endothelial
2707604700083100057,endothelial
2945606900000016700,endothelial
2656144300210100218,oligodendrocyte_1
2796212800409100078,endothelial
2795103300156100178,M_in_Tfap2b
2707604800424100127,DH_ex_Prkcg/Rxfp1
2726562700100100076,alpha_motoneuron
2787445900224100126,oligodendrocyte_1
2787445900286100143,oligodendrocyte_progenitor_2
2796212801010100070,oligodendrocyte_progenitor_2
2707604000086100122,DM_ex_Zfhx3
2795903600326100179,oligodendrocyte_progenitor_2
2787445900822100035,oligodendrocyte_progenitor_2
2707604700337100088,astrocyte_2
2787445900284100200,oligodendrocyte_progenitor_2
2656144900555100118,oligodendrocyte_2
2795584800660100152,MV_in_Sema5b
2656144900263100100,endothelial
2707604700339100155,oligodendrocyte_precursor_cell
2796212800409100146,DH_ex_Maf/Cck
2795103300148100027,alpha_motoneuron
2787889600414100154,M_in_Tfap2b
2787445900123100025,oligodendrocyte_2
2707604000040100226,endothelial
2787445900581100130,oligodendrocyte_progenitor_2
2945606900000001608,DH_ex_Prkcg/Nts
2656143800342100102,endothelial
2946331700000002508,meninges_1
2707737900114100073,meninges_2
2946331700000018453,DH_ex_Sox5/Tac1
2787889600477100055,oligodendrocyte_progenitor_2
2656144900506100053,oligodendrocyte_2
2796212800561100052,oligodendrocyte_progenitor_2
2787889600417100030,oligodendrocyte_precursor_cell
2787889600388200120,oligodendrocyte_progenitor_2
2795103300154100236,DH_in_Cdh3
2787445900249100018,meninges_1
2707604700061100258,astrocyte_1
2656144900085100028,DH_ex_Reln
2707737900048100176,oligodendrocyte_precursor_cell
2795103300165100019,oligodendrocyte_progenitor_2
2707604700082100096,endothelial
2795584800493100156,DH_ex_Sox5/Tac1
2946331700000017623,oligodendrocyte_progenitor_2
2787445900720100031,oligodendrocyte_progenitor_2
2656143800344100066,alpha_motoneuron
2656143800417100095,astrocyte_1
2787445900125100016,DH_in_Pdyn
2707604000071100284,astrocyte_1
2787889600314100098,DM_ex_Zfhx3
2795584800448100198,oligodendrocyte_2
2796212800625100159,oligodendrocyte_progenitor_2
2707604000126100073,Schwann_cell
2795584800413100080,MV_in_Gabra1
2707604700129100101,oligodendrocyte_2
2656144900314100071,DH_in_Npy2r
2787889600056100152,oligodendrocyte_progenitor_2
2707604700389100080,oligodendrocyte_2
2656144900141200078,gamma_motoneuron
2787445900264100169,DH_ex_Tac2
2656144900515100196,astrocyte_1
2707604800404100252,DH_ex_Reln
2946331700000010644,endothelial
2795903600059100089,DH_ex_Sox5
2795103300381100184,MV_in_Sema5b
2707604700228100076,meninges_1
2707604800140100127,astrocyte_1
2796212800664200142,DM_ex_Zfhx3
2707737900048100197,oligodendrocyte_1
2656144900559200018,oligodendrocyte_2
2656144900350100093,oligodendrocyte_progenitor_2
2707737900134100129,DH_ex_Grpr
2787445900200100114,endothelial
2787889600362100052,endothelial
2656144900112100129,astrocyte_1
2795584800406100180,oligodendrocyte_progenitor_2
2787889600058100227,M_in_Tfap2b
2707604700203100014,oligodendrocyte_progenitor_2
2656144900423100112,alpha_motoneuron
2796212800142100283,DH_ex_Reln/Nmur2
2795584800226100154,DH_ex_Gpr83
2787889600245100092,astrocyte_1
2946331700000017284,DH_ex_Grpr
2946331700000001004,oligodendrocyte_2
2795584800391100174,oligodendrocyte_progenitor_2
2946331700000021448,DH_ex_Tac2
2707604700223100054,gamma_motoneuron
2707604800383100233,DH_ex_Maf/Cck
2707604700093100245,oligodendrocyte_progenitor_2
2796212800407200010,oligodendrocyte_progenitor_2
2796212800780100112,DH_in_Pdyn
2796212800880100141,oligodendrocyte_progenitor_2
2796212800792100394,oligodendrocyte_1
2707737900086100049,oligodendrocyte_precursor_cell
2656143800419100218,oligodendrocyte_progenitor_2
2707604800239100017,endothelial
2787445900464100152,oligodendrocyte_2
2707604800363100221,MV_ex_Shox2
2795584800153100135,MV_in_Gm26673
2795584800138100227,MV_in_Esrrb
2707604700083100183,MV_in_Esrrb
2795584800655100096,oligodendrocyte_progenitor_1
2656143800128100144,DH_ex_Reln/Nmur2
2787445900283100067,endothelial
2787445900686100212,DH_ex_Sox5/Tac1
2795584800493100125,DH_ex_Reln/Nmur2
2707604000071100252,DH_ex_Maf/Cck
2656143800216100034,endothelial
2707604000110100299,DH_ex_Sox5
2787445900720100050,oligodendrocyte_progenitor_2
2787445900200100064,endothelial
2656144900530100224,MV_in_Gabra1
2795903600402100045,DH_ex_Prkcg/Rxfp1
2796212800954100155,oligodendrocyte_1
2726544600432100103,astrocyte_1
2795584800435100342,DH_in_Pdyn/Gal
2787445900659100093,oligodendrocyte_2
2795903600268100146,MV_ex_Syt2
2945606900000008107,DH_ex_Maf/Cck
2656143800190100036,MV_in_Gabra1
2787889600415100077,endothelial
2796212800850100153,MV_in_Esrrb
2796212800242100065,DH_in_Cdh3
2795103300232100063,oligodendrocyte_1
2707604000139100249,DM_ex_Zfhx3
2787445900396100022,MV_in_Gm26673
2795584800413100150,microglia
2795903600381100051,astrocyte_2
2946331700000012490,MV_ex_Syt2
2787445900395100176,oligodendrocyte_progenitor_2
2787889600023100120,DH_in_Npy
2787445900583100101,astrocyte_1
2795903600590100026,DH_in_Cdh3
2795903600567100087,oligodendrocyte_progenitor_2
2656144900641100132,astrocyte_1
2656144900343100325,endothelial
2796212800635100193,DH_ex_Prkcg/Rxfp1
2707604800340100156,oligodendrocyte_progenitor_2
2795584800424100176,astrocyte_1
2656144900165100200,astrocyte_1
2656144900447100192,DH_ex_Prkcg/Nts
2707604800120100132,MV_in_Gm26673
2796212800585100012,MV_in_Gabra1
2707604700037100189,oligodendrocyte_progenitor_2
2707604800385100145,DH_ex_Prkcg/Nts
2795103300331100046,oligodendrocyte_precursor_cell
2707604000108100203,oligodendrocyte_progenitor_2
2726562700237100193,astrocyte_1
2787445900228100130,Schwann_cell
2707604000140100204,oligodendrocyte_progenitor_2
2795903600321100127,M_in_Tfap2b
2796212800440100038,oligodendrocyte_2
2795103300165100054,oligodendrocyte_progenitor_2
2787445900098200015,DH_in_Npy2r
2796212800595100066,astrocyte_1
2945606900000008319,oligodendrocyte_progenitor_2
2787889600195100091,astrocyte_1
2796212800882200211,oligodendrocyte_progenitor_2
2787445900365100077,astrocyte_2
2796212800528100014,astrocyte_2
2795584800089200068,astrocyte_1
2796212800922100113,DH_in_Cdh3
2787889600093200137,astrocyte_1
2787889600058100039,oligodendrocyte_progenitor_2
2656144900110100204,Schwann_cell
2787445900793100053,endothelial
2795903600353100292,MV_in_Gm26673
2707604800381100124,oligodendrocyte_progenitor_2
2795903600407100028,astrocyte_2
2656144900262100200,endothelial
2796212800792100323,DH_ex_Prkcg/Nts
2946331700000005266,DH_in_Cdh3
2796212800759100147,DH_ex_Cpne4
2656144900341100041,oligodendrocyte_progenitor_2
2656143800216100211,MV_in_Gabra1
2787445900694100082,oligodendrocyte_progenitor_2
2787889600406100045,DH_ex_Reln/Nmur2
2795584800480100207,meninges_3
2707604700317100163,MV_ex_Syt2
2787889600231100121,oligodendrocyte_progenitor_2
2787445900387100161,DH_in_Rorb
2795584800421100150,astrocyte_1
2787889600243100135,DH_in_Npy
2796212800716100092,DH_in_Cdh3
2707604800082100188,DH_ex_Prkcg/Nts
2787889600444100091,MV_in_Sema5b
2726544600029100081,astrocyte_1
2795103300416100053,oligodendrocyte_precursor_cell
2656144900264100143,alpha_motoneuron
2795903600667100093,oligodendrocyte_progenitor_1
2787889600282100160,oligodendrocyte_progenitor_1
2787445900437100127,oligodendrocyte_progenitor_1
2787889600162100059,astrocyte_1
2787445900500100073,astrocyte_1
2796212800844100148,oligodendrocyte_progenitor_2
2707604700295100093,oligodendrocyte_progenitor_2
2787445900754100047,MV_in_Gm26673
2946331700000006427,M_in_Tfap2b
2707737900062100084,M_in_Tfap2b
2726562800141100059,alpha_motoneuron
2787445900715100145,oligodendrocyte_progenitor_2
2707604700133100059,oligodendrocyte_2
2796212800570100117,DH_ex_Nmu/Tac2
2656143800417100068,astrocyte_1
2787445900360100120,astrocyte_1
2726544600273200041,meninges_2
2795584800436100181,astrocyte_1
2787445900366100021,oligodendrocyte_progenitor_2
2787445900620100132,MV_ex_Shox2
2796212800747100159,M_in_Tfap2b
2795903600505100039,alpha_motoneuron
2795103300445100047,oligodendrocyte_2
2945606900000009765,meninges_3
2707604000086100307,DH_ex_Reln
2787889600354100162,oligodendrocyte_progenitor_2
2787445900895100074,MV_in_Gabra1
2946331700000010790,DH_in_Cdh3
2795103300157100115,oligodendrocyte_1
2787445900860100149,MV_in_Sema5b
2787889600415100043,oligodendrocyte_progenitor_2
2707737900101100170,DH_in_Npy2r
2707737900064100072,DH_ex_Nmu/Tac2
2787889600582100221,oligodendrocyte_progenitor_2
2707604700340100065,oligodendrocyte_2
2787445900823100127,DH_ex_Sox5
2795903600159100263,DH_in_Cdh3
2707737900134100059,oligodendrocyte_progenitor_2
2796212800460100134,oligodendrocyte_1
2795584800493100195,astrocyte_1
2795103300331100273,MV_in_Sema5b
2795584800353100088,oligodendrocyte_progenitor_2
2787445900095100147,DH_in_Cdh3
2795584800476100156,DH_in_Cdh3
2707737900049100034,oligodendrocyte_progenitor_2
2787445900291100081,oligodendrocyte_2
2795584800173100154,microglia
2796212800812100100,DH_ex_Tac2
2787445900896100070,astrocyte_1
2787445900387100245,DH_in_Npy2r
2707604000087100142,DH_ex_Grpr
2795103300310200108,alpha_motoneuron
2787445900362200066,MV_in_Gabra1
2796212800207100195,M_ex_Vsx2
2656144900530200065,MV_in_Gabra1
2796212800822100032,MV_ex_Syt2
2787445900361100146,MV_in_Gabra1
2796212800854100087,MV_ex_Syt2
2656144900377100111,DH_ex_Maf/Cck
2795584800746100092,oligodendrocyte_progenitor_2
2795584800153100102,MV_in_Sema5b
2795903600328100026,oligodendrocyte_2
2707604700226100186,astrocyte_1
2787889600168100081,oligodendrocyte_2
2795103300120100273,oligodendrocyte_progenitor_2
2656144300172100036,alpha_motoneuron
2796212800486100149,alpha_motoneuron
2795584800714100098,DH_ex_Reln/Nmur2
2656144900562100261,DM_ex_Zfhx3
2795584800239100130,astrocyte_1
2795584800138100162,MV_ex_Shox2
2946331700000003793,oligodendrocyte_progenitor_2
2795903600490100089,oligodendrocyte_progenitor_2
2707604800303100017,astrocyte_1
2796212800296100236,oligodendrocyte_1
2656144900582100229,DH_ex_Sox5
2796212800386100073,astrocyte_1
2787889600396100208,oligodendrocyte_2
2946331700000018579,oligodendrocyte_progenitor_2
2795903600427100219,astrocyte_1
2656144300209100104,oligodendrocyte_2
2796212800336100096,oligodendrocyte_progenitor_2
2656144900369100131,oligodendrocyte_1
2707604800242100072,endothelial
2795584800173100170,DH_in_Cdh3
2707604700068100082,MV_in_Esrrb
2707737900087100166,astrocyte_1
2946331700000014060,DH_ex_Sox5
2787445900289100273,astrocyte_1
2796212800420100291,astrocyte_1
2795103300234100058,oligodendrocyte_2
2787445900761100263,oligodendrocyte_progenitor_2
2656143800103100162,MV_in_Gabra1
2787445900299100190,MV_in_Chrna2
2795584800708100142,oligodendrocyte_1
2787445900131100149,astrocyte_2
2787445900132100036,DH_ex_Maf/Cck
2946331700000019917,oligodendrocyte_2
2656144900396100086,oligodendrocyte_progenitor_2
2796212800617100090,alpha_motoneuron
2795903600670100063,DH_ex_Maf/Cck
2787445900199100107,oligodendrocyte_2
2795903600479100196,astrocyte_1
2787445900397100212,oligodendrocyte_precursor_cell
2787889600314100236,MV_in_Gabra1
2796212800375100062,endothelial
2707737900144200086,astrocyte_1
2945606900000009969,astrocyte_1
2787445900163100171,MV_in_Gabra1
2656144900530100125,astrocyte_1
2787889600195100129,endothelial
2795903600301100058,DH_ex_Grpr
2656143800004100055,oligodendrocyte_progenitor_2
2707604700063100197,DH_in_Rorb
2787889600546200018,astrocyte_1
2707604000123100299,astrocyte_2
2787445900755100198,oligodendrocyte_progenitor_2
2707604700094100075,DH_in_Cdh3
2656144900584100079,astrocyte_1
2656144900584100046,astrocyte_1
2656144900212100119,oligodendrocyte_progenitor_2
2787445900135100149,oligodendrocyte_2
2946331700000001506,astrocyte_1
2787889600096100139,oligodendrocyte_progenitor_2
2707604000010100090,oligodendrocyte_2
2726543700140100081,MV_in_Chrna2
2787445900361100293,oligodendrocyte_progenitor_2
2787445900634100034,gamma_motoneuron
2787445900246200070,oligodendrocyte_progenitor_2
2787889600409100192,astrocyte_1
2707604800242100115,astrocyte_1
2656144900352100141,M_ex_Vsx2/Shox2
2787889600385100130,oligodendrocyte_progenitor_2
2656144900114100133,endothelial
2946331700000012700,oligodendrocyte_precursor_cell
2795584800129100094,alpha_motoneuron
2795584800129100160,oligodendrocyte_2
2787889600093100187,oligodendrocyte_1
2787889600092100210,MV_ex_Shox2
2787445900462100050,M_in_Tfap2b
2795584800088100175,cholinergic_interneuron
2787445900247100072,DH_in_Rorb
2787445900090100097,astrocyte_1
2795103300231100134,oligodendrocyte_1
2795903600481100043,astrocyte_1
2796212800593100228,oligodendrocyte_progenitor_2
2726543700130100085,endothelial
2796212800045100080,oligodendrocyte_progenitor_2
2795584800676100133,oligodendrocyte_precursor_cell
2795103300268200021,meninges_1
2707604000093100046,astrocyte_1
2946331700000018886,oligodendrocyte_progenitor_2
2946331700000005246,endothelial
2707604000086100191,DH_ex_Maf/Cck
2787889600280100043,DH_ex_Reln/Nmur2
2796212801042200034,oligodendrocyte_progenitor_2
2656143800102200074,oligodendrocyte_2
2795903600454200028,oligodendrocyte_progenitor_2
2787445900804100236,oligodendrocyte_progenitor_2
2707604700225100250,endothelial
2726543700195100076,endothelial
2707737900062100086,M_in_Tfap2b
2656143800418100279,endothelial
2795584800086100021,oligodendrocyte_progenitor_2
2656144900556200014,astrocyte_1
2796212800635100179,DH_in_Cdh3
2787445900301100045,DH_ex_Prkcg/Rxfp1
2787445900463100078,oligodendrocyte_progenitor_2
2707604700069100091,astrocyte_1
2945606900000006376,oligodendrocyte_progenitor_2
2796212800951100152,oligodendrocyte_progenitor_2
2946331700000015738,MV_ex_Syt2
2787445900753100110,oligodendrocyte_progenitor_2
2656143800215100139,MV_in_Gabra1
2795584800422100126,MV_in_Gm26673
2946331700000021378,oligodendrocyte_1
2787445900804100183,DH_in_Klhl14
2726544600272100081,Schwann_cell
2707737900020100247,oligodendrocyte_progenitor_2
2656144300187100042,oligodendrocyte_1
2656143800390100215,DH_ex_Tac2
2726543700066100171,oligodendrocyte_1
2787445900770100006,meninges_3
2787445900896200013,astrocyte_1
2656143800468100017,DH_ex_Maf/Cck
2795903600669100263,microglia
2707737900099100240,oligodendrocyte_progenitor_2
2656144900140100182,MV_in_Esrrb
2656143800154200066,astrocyte_1
2656143800055100196,alpha_motoneuron
2796212800364100117,oligodendrocyte_precursor_cell
2796212800914100071,DH_in_Rorb
2796212800363100212,alpha_motoneuron
2946331700000008902,endothelial
2787889600279100145,DH_in_Cdh3
2707604000087100249,oligodendrocyte_progenitor_2
2795584800389100235,M_in_Tfap2b
2787445900263100107,DH_in_Cdh3
2707604700250200203,DH_in_Pdyn/Gal
2787889600449100144,oligodendrocyte_progenitor_2
2787445900792100017,endothelial
2726562800059100033,oligodendrocyte_1
2795903600668100086,MV_in_Gm26673
2787445900231100238,endothelial
2707604000139100082,astrocyte_1
2795103300197100219,astrocyte_1
2726562800178100102,oligodendrocyte_1
2796212800441100074,DM_ex_Zfhx3
2795584800122100226,DH_ex_Reln/Npff
2787445900619100218,oligodendrocyte_1
2787445900395100043,microglia
2787889600444100207,M_ex_Vsx2/Shox2
2795584800347100078,oligodendrocyte_2
2795103300446100108,MV_in_Sema5b
2796212800760100164,oligodendrocyte_1
2795584800701100034,oligodendrocyte_2
2795103300063100082,oligodendrocyte_2
2796212800519100273,oligodendrocyte_progenitor_2
2656143800055100150,oligodendrocyte_progenitor_2
2796212800489100081,MV_ex_Syt2
2787889600094100075,M_in_Tfap2b
2656144900211100146,astrocyte_1
2707604800426100170,meninges_3
2787889600369200031,oligodendrocyte_progenitor_2
2707604700248100248,oligodendrocyte_progenitor_2
2795103300130100099,astrocyte_2
2795903600481100061,DH_ex_Prkcg/Rxfp1
2787445900093100093,DH_in_Pdyn
2656144900581100067,oligodendrocyte_1
2796212800385100080,alpha_motoneuron
2795584800240100230,oligodendrocyte_progenitor_2
2795903600353100258,microglia
2796212800978100230,MV_in_Gabra1
2787445900204100030,astrocyte_2
2707604800381100162,astrocyte_1
2795103300368100134,DH_in_Npy
2726544600455100121,astrocyte_1
2787445900262100104,MV_in_Esrrb
2795584800493100182,oligodendrocyte_2
2707604700318100131,MV_in_Chrna2
2795103300410200006,oligodendrocyte_progenitor_2
2795103300380100250,oligodendrocyte_precursor_cell
2945606900000017147,oligodendrocyte_2
2796212800493100023,MV_in_Esrrb
2656143800190100037,MV_in_Gm26673
2707604700364100095,oligodendrocyte_progenitor_2
2795584800201100025,oligodendrocyte_progenitor_2
2787889600277100227,DH_ex_Tac2
2787445900289100128,astrocyte_1
2707604700364100061,oligodendrocyte_progenitor_2
2656144900541100223,astrocyte_1
2726544600054100092,oligodendrocyte_progenitor_2
2656144300146100072,oligodendrocyte_1
2946331700000010993,oligodendrocyte_1
2787445900194100170,DH_ex_Maf/Cck
2787445900358100143,oligodendrocyte_progenitor_2
2787445900252100084,DH_ex_Nmu/Tac2
2707604000041100019,MV_ex_Syt2
2707604800205100009,oligodendrocyte_progenitor_2
2787445900657100020,MV_in_Gabra1
2707737900007100180,DH_ex_Prkcg/Cck
2795103300382100157,DH_ex_Reln/Npff
2656144300188100193,DH_ex_Sox5
2795584800347100179,oligodendrocyte_2
2945606900000007950,DH_ex_Reln
2787445900395100077,alpha_motoneuron
2795584800714100020,astrocyte_1
2945606900000017217,oligodendrocyte_2
2707604700225100049,endothelial
2787889600441100046,MV_in_Gabra1
2795903600293100033,astrocyte_1
2656144900397100067,oligodendrocyte_precursor_cell
2707604700226100136,astrocyte_1
2787889600441100189,oligodendrocyte_2
2796212800617100020,MV_in_Gm26673
2787445900013100045,DH_ex_Nmu/Tac2
2787889600277100024,oligodendrocyte_2
2726562700215100144,DH_ex_Maf/Cck
2707737900118100035,oligodendrocyte_2
2787889600583100026,oligodendrocyte_progenitor_2
2787445900357100042,oligodendrocyte_progenitor_2
2787445900734100024,oligodendrocyte_2
2946331700000012630,DH_ex_Sox5
2796212800947100112,oligodendrocyte_2
2795103300233100308,astrocyte_1
2707604800079100069,oligodendrocyte_progenitor_2
2787889600095100153,oligodendrocyte_progenitor_2
2707604700086100149,DH_in_Npy2r
2795584800238100181,DH_in_Pdyn
2787445900205100026,astrocyte_1
2796212800595100028,astrocyte_2
2787445900677100190,MV_in_Sema5b
2787889600318100099,oligodendrocyte_2
2946331700000021505,MV_in_Sema5b
2795903600427100235,oligodendrocyte_progenitor_2
2787445900246100115,oligodendrocyte_2
2796212800371200037,Schwann_cell
2795584800450100183,DH_ex_Maf/Cck
2656144900034100068,Schwann_cell
2787445900859100243,oligodendrocyte_progenitor_2
2945606900000014639,astrocyte_2
2656144900420100115,astrocyte_1
2946331700000001194,endothelial
2795103300188100036,oligodendrocyte_1
2656144900446100011,astrocyte_2
2796212800849100156,oligodendrocyte_progenitor_2
2795103300346100281,DM_ex_Zfhx3
2795584800476100109,DH_ex_Nmu/Tac2
2795903600301100280,DH_ex_Nmu/Tac2
2795903600481100136,oligodendrocyte_progenitor_2
2796212800375100185,oligodendrocyte_2
2787889600582100216,oligodendrocyte_progenitor_2
2796212800954100042,oligodendrocyte_precursor_cell
2726562700255100238,oligodendrocyte_1
2787445900205100061,oligodendrocyte_1
2787889600420100086,oligodendrocyte_progenitor_2
2795103300150100170,meninges_3
2787445900426100184,oligodendrocyte_progenitor_2
2796212800200100039,oligodendrocyte_1
2656143800393100175,astrocyte_1
2656144900562100120,astrocyte_1
2795584800457100183,oligodendrocyte_progenitor_2
2787445900262100198,astrocyte_1
2796212800626100189,astrocyte_1
2795903600266100098,alpha_motoneuron
2787445900323100207,MV_ex_Syt2
2796212800110100023,oligodendrocyte_1
2795584800456200077,astrocyte_1
2795903600320100275,oligodendrocyte_progenitor_1
2787889600130100072,oligodendrocyte_progenitor_2
2795103300180100080,astrocyte_1
2945606900000008616,oligodendrocyte_2
2787445900804100209,DH_ex_Maf/Cck
2707604700248100283,astrocyte_1
2656144900368100129,oligodendrocyte_precursor_cell
2787889600414100225,endothelial
2656144900211100059,MV_ex_Syt2
2787445900265100089,astrocyte_1
2656144900370100069,astrocyte_1
2656144900452100079,oligodendrocyte_2
2796212800454100132,oligodendrocyte_1
2787445900252100247,DH_ex_Tac2
2707737900073100219,oligodendrocyte_precursor_cell
2707737900063100048,DH_ex_Sox5
2796212800488100109,MV_in_Gabra1
2787445900462200008,DH_ex_Sox5/Tac1
2795584800458100111,DH_in_Pdyn/Gal
2656143800468100209,DH_in_Pdyn
2707604700063100142,DH_in_Cdh3
2787445900231100094,oligodendrocyte_progenitor_1
2796212800375100104,MV_in_Gabra1
2795103300119100217,oligodendrocyte_1
2787445900859100111,M_in_Tfap2b
2787889600348100166,oligodendrocyte_progenitor_2
2707604800198200012,oligodendrocyte_progenitor_2
2795103300368100162,oligodendrocyte_progenitor_2
2787445900230100019,astrocyte_1
2787889600415100178,oligodendrocyte_2
2787445900194100105,DH_ex_Prkcg/Nts
2787445900636100247,astrocyte_1
2796212800520100134,M_ex_Vsx2
2656144900641100193,DH_ex_Prkcg/Cck
2795903600355100207,DH_ex_Sox5/Tac1
2795584800175100183,DH_ex_Sox5
2707604800119100205,astrocyte_1
2946331700000001811,oligodendrocyte_progenitor_2
2795584800224100133,oligodendrocyte_precursor_cell
2707604700092100288,DM_ex_Zfhx3
2787889600316100249,DM_ex_Zfhx3
2946331700000000820,astrocyte_1
2656144900088100106,gamma_motoneuron
2796212800375100057,oligodendrocyte_progenitor_2
2707604700250100155,astrocyte_1
2656144900423100123,endothelial
2795584800457100069,oligodendrocyte_progenitor_2
2656144900190100234,astrocyte_1
2656144900589100115,MV_in_Esrrb
2796212800912100100,astrocyte_1
2787445900463100105,astrocyte_2
2787445900548100046,endothelial
2787445900163100191,oligodendrocyte_progenitor_2
2796212800530100090,DH_ex_Cpne4
2787889600383100098,oligodendrocyte_progenitor_2
2787445900804100198,DH_in_Cdh3
2656144900087100158,oligodendrocyte_progenitor_2
2796212800791100147,oligodendrocyte_progenitor_2
2787445900861100063,astrocyte_2
2795903600514100096,M_ex_Vsx2
2946331700000004592,DH_ex_Prkcg/Rxfp1
2707604000027100135,oligodendrocyte_progenitor_2
2707604700060100127,oligodendrocyte_progenitor_2
2726544600430100108,endothelial
2787445900396100172,alpha_motoneuron
2787889600348100059,oligodendrocyte_progenitor_2
2787445900243100099,oligodendrocyte_progenitor_2
2795103300108200027,oligodendrocyte_1
2795903600589100254,oligodendrocyte_1
2726562700140100059,MV_in_Gm26673
2946331700000003636,oligodendrocyte_2
2656144900615100031,astrocyte_1
2707604800143100192,astrocyte_2
2795584800701100114,endothelial
2656144900530100146,M_in_Tfap2b
2796212800231100156,oligodendrocyte_progenitor_2
2656143800267100126,DH_ex_Prkcg/Nts
2795584800389100236,oligodendrocyte_progenitor_2
2787889600478100143,oligodendrocyte_progenitor_2
2795584800175200068,DH_ex_Prkcg/Nts
2707604700063100048,DH_ex_Sox5/Tac1
2656144900141100167,gamma_motoneuron
2795903600170100084,DH_ex_Grpr
2726543700131100217,DM_ex_Zfhx3
2726544600055100073,endothelial
2787445900618100067,oligodendrocyte_2
2787445900725100219,DH_ex_Maf/Cck
2787889600319100024,Schwann_cell
2787889600160100037,oligodendrocyte_progenitor_2
2707604700223100146,astrocyte_1
2796212800111100156,astrocyte_1
2707604000100100180,Schwann_cell
2787889600281100128,DH_in_Npy
2796212800393100039,oligodendrocyte_progenitor_2
2796212800561100093,M_in_Tfap2b
2795584800354100019,oligodendrocyte_progenitor_2
2656143800078100225,oligodendrocyte_progenitor_2
2656143800393100049,oligodendrocyte_progenitor_2
2795103300379100035,astrocyte_2
2707604700249100105,M_ex_Neurod2
2796212800295100073,MV_in_Gabra1
2787445900754100022,oligodendrocyte_2
2796212800979100210,DM_ex_Zfhx3
2795903600266100105,oligodendrocyte_progenitor_2
2787445900860100056,M_in_Tfap2b
2707737900120100142,endothelial
2945606900000028409,oligodendrocyte_progenitor_2
2795903600589100177,oligodendrocyte_precursor_cell
2795103300230100046,DH_ex_Maf/Cck
2787445900267100234,astrocyte_1
2787445900303100172,M_ex_Vsx2
2795103300126100158,oligodendrocyte_1
2796212800537100241,DH_ex_Reln/Npff
2945606900000005271,astrocyte_1
2787445900696100058,astrocyte_1
2796212800789200124,astrocyte_1
2787889600164100013,astrocyte_1
2707604700248100271,oligodendrocyte_precursor_cell
2946331700000005958,DH_ex_Grpr
2787445900621100173,oligodendrocyte_progenitor_2
2796212800522100028,astrocyte_2
2656143800416100067,oligodendrocyte_2
2946331700000018666,oligodendrocyte_progenitor_2
2946331700000008155,DH_in_Cdh3
2656143800190100019,astrocyte_1
2707737900122100046,oligodendrocyte_progenitor_2
2796212800980100285,DH_ex_Reln
2787889600360100061,DH_ex_Sox5
2656144300146100070,DH_in_Cdh3
2945606900000017012,MV_ex_Syt2
2787445900285100132,oligodendrocyte_precursor_cell
2795103300190100078,oligodendrocyte_2
2787445900194100040,DH_ex_Sox5
2795903600428100027,oligodendrocyte_precursor_cell
2787445900549100177,DH_in_Cdh3
2656143800416100305,oligodendrocyte_progenitor_2
2656143800443100142,astrocyte_1
2787445900163100046,MV_ex_Syt2
2787445900424100075,MV_in_Gabra1
2787889600163100116,oligodendrocyte_1
2787889600416100022,microglia
2787445900761100299,oligodendrocyte_precursor_cell
2796212800792100088,DH_in_Cdh3
2796212800907100026,oligodendrocyte_progenitor_2
2707604000085100218,oligodendrocyte_2
2796212800423100070,DH_ex_Prkcg/Nts
2787889600132100215,alpha_motoneuron
2795103300232100144,DH_in_Klhl14
2946331700000011299,astrocyte_1
2787889600024100207,DH_ex_Gpr83
2707604800446100071,DH_in_Cdh3
2946331700000000816,astrocyte_1
2656143800128100253,astrocyte_1
2787889600093100152,MV_in_Gm26673
2656144900537100135,MV_in_Esrrb
2707604700083100200,endothelial
2656144900582100098,DH_in_Cdh3
2707604000057100291,astrocyte_1
2787445900244100090,oligodendrocyte_progenitor_2
2787445900224100166,oligodendrocyte_progenitor_2
2795903600461100147,oligodendrocyte_progenitor_2
2656144900403100070,DM_ex_Zfhx3
2656143800028100109,DH_ex_Maf/Cck
2656143800155100140,oligodendrocyte_1
2795584800421100235,MV_in_Gabra1
2787445900253100150,DH_ex_Sox5/Tac1
2707604700363100212,oligodendrocyte_precursor_cell
2656143800155100053,astrocyte_1
2787445900253100157,DH_in_Cdh3
2707604700062100107,oligodendrocyte_progenitor_2
2795584800448100123,oligodendrocyte_progenitor_2
2787445900288100068,oligodendrocyte_2
2787445900823100161,DH_ex_Prkcg/Rxfp1
2707604700248100139,MV_in_Gm26673
2707604700059200076,endothelial
2796212800111100205,oligodendrocyte_progenitor_2
2787889600326200025,DH_ex_Reln/Nmur2
2656144900479100081,endothelial
2656143800130100117,alpha_motoneuron
2796212800109100035,astrocyte_1
2707604700274100067,meninges_1
2787445900251100145,DH_ex_Reln/Nmur2
2787445900094100073,DH_in_Pdyn
2787445900194100096,astrocyte_1
2946331700000008947,oligodendrocyte_progenitor_2
2787445900194100093,DH_in_Npy2r
2796212800811100162,oligodendrocyte_2
2707604700226100054,astrocyte_1
2795584800225100213,DH_in_Npy2r
2796212800788100036,oligodendrocyte_progenitor_2
2726544200048100021,MV_in_Sema5b
2796212800488100263,MV_in_Gabra1
2796212800591100094,oligodendrocyte_progenitor_2
2787445900095100127,DH_in_Rorb
2795903600540100040,oligodendrocyte_2
2787445900622100147,endothelial
2787445900246100103,oligodendrocyte_2
2726562700233100112,DH_in_Npy
2795903600439100074,oligodendrocyte_progenitor_2
2787445900262100016,MV_ex_Syt2
2787445900229100061,astrocyte_1
2795584800419100194,astrocyte_1
2707604800381100097,oligodendrocyte_1
2795103300109100069,MV_in_Gm26673
2787445900285100163,DM_ex_Zfhx3
2795584800189100234,oligodendrocyte_progenitor_2
2656144900615100092,astrocyte_1
2707604700131100143,DH_ex_Reln/Nmur2
2787889600024100170,oligodendrocyte_progenitor_2
2796212800537100199,DH_ex_Reln/Nmur2
2707737900146100247,oligodendrocyte_progenitor_2
2656144900350100181,DH_ex_Sox5
2656144900558100139,oligodendrocyte_1
2795903600326100032,oligodendrocyte_2
2787445900090100047,DH_ex_Reln/Nmur2
2726562700259100127,gamma_motoneuron
2795584800423100049,astrocyte_1
2707604000109100130,MV_in_Gm26673
2707604700108100022,astrocyte_1
2726562700140100108,MV_ex_Shox2
2656144900484100084,oligodendrocyte_2
2787889600242100134,oligodendrocyte_progenitor_2
2787445900432100060,oligodendrocyte_2
2707604700317100214,endothelial
2795584800427100044,oligodendrocyte_progenitor_2
2796212800354200021,astrocyte_2
2946331700000000777,endothelial
2796212800399100035,astrocyte_2
2795584800101100159,astrocyte_1
2795584800676100044,oligodendrocyte_progenitor_2
2796212800431200039,astrocyte_1
2787445900247100060,DH_in_Npy
2945606900000028726,DH_in_Npy2r
2656144900192100044,oligodendrocyte_progenitor_2
2795103300400100117,DH_ex_Nmu/Tac2
2796212800530100026,DH_in_Rorb
2787889600023100228,DH_ex_Prkcg/Nts
2795903600241100078,oligodendrocyte_progenitor_2
2795903600293100067,MV_in_Gabra1
2707604000040100114,oligodendrocyte_progenitor_2
2946331700000002717,astrocyte_1
2707604700361100068,oligodendrocyte_2
2707737900086100043,astrocyte_1
2707737900113100073,astrocyte_2
2795903600242100213,DH_ex_Reln/Nmur2
2707604800263100100,DH_ex_Nmu/Tac2
2726543700196100026,oligodendrocyte_1
2656143800052100357,DH_ex_Gpr83
2795103300229100067,oligodendrocyte_1
2787445900013100052,DH_ex_Tac2
2787445900822100065,oligodendrocyte_2
2796212800242100067,DH_ex_Prkcg/Cck
2945606900000028446,DH_ex_Reln/Nmur2
2796212800594100169,DH_ex_Cpne4
2796212800746100250,oligodendrocyte_1
2946331700000001677,astrocyte_1
2787889600230100127,endothelial
2787889600348100056,oligodendrocyte_2
2796212800627200009,DH_ex_Nmu/Tac2
2796212800488100063,astrocyte_1
2656144900515100061,oligodendrocyte_progenitor_2
2656144900394100168,meninges_2
2656144900378100177,DH_ex_Reln/Nmur2
2787889600092200066,endothelial
2787445900169100223,oligodendrocyte_progenitor_2
2946331700000012578,DH_ex_Cpne4
2945606900000000587,endothelial
2787445900723100114,oligodendrocyte_precursor_cell
2707604700201100155,astrocyte_1
2787889600023100122,DH_ex_Prkcg/Nts
2795584800421100194,endothelial
2945606900000004879,endothelial
2707604700063100201,astrocyte_1
2795584800421100188,oligodendrocyte_precursor_cell
2656144900325100275,MV_in_Gabra1
2787445900132100187,oligodendrocyte_2
2945606900000014564,DH_ex_Prkcg/Rxfp1
2787889600411100164,astrocyte_2
2795903600479100272,MV_in_Gm26673
2787889600385100116,oligodendrocyte_progenitor_2
2796212800110100116,MV_in_Esrrb
2787445900090200070,oligodendrocyte_progenitor_2
2656144900110100165,meninges_1
2656143800027100074,DH_ex_Tac2
2707737900074200046,oligodendrocyte_1
2795584800385100111,beta_motoneuron
2726543700466100135,M_in_Tfap2b
2707604700044100098,endothelial
2707604000110100169,MV_ex_Syt2
2787445900619100112,MV_in_Gabra1
2796212801012100180,DH_ex_Prkcg/Nts
2656144300108100179,MV_ex_Syt2
2726543700465100247,oligodendrocyte_1
2787889600441100082,DM_ex_Zfhx3
2656144300211100063,MV_in_Gabra1
2795903600033100188,DH_in_Cdh3
2795103300085100150,gamma_motoneuron
2795584800185100268,DH_ex_Reln/Nmur2
2795584800174100110,MV_in_Gabra1
2796212800398100286,DH_in_Cdh3
2795903600464100153,MV_ex_Syt2
2946331700000014237,oligodendrocyte_2
2795103300447100018,oligodendrocyte_progenitor_2
2795903600211100222,MV_ex_Shox2
2795584800237100047,DH_ex_Maf/Cck
2796212800333100081,DH_ex_Reln/Nmur2
2787445900304200051,oligodendrocyte_progenitor_2
2787889600408200129,astrocyte_1
2787445900549100104,DH_ex_Prkcg/Nts
2787889600278100104,oligodendrocyte_precursor_cell
2656144900503100175,DH_in_Cdh3
2795103300407100074,oligodendrocyte_progenitor_2
2787445900544100054,DH_in_Npy2r
2656144300129100155,endothelial
2787445900361100307,MV_in_Gabra1
2656144900558100127,astrocyte_1
2707604000100100107,astrocyte_2
2787445900097100212,DH_in_Npy2r
2707604800221100076,DH_ex_Prkcg/Nts
2726544600030100067,oligodendrocyte_progenitor_2
2946331700000020398,oligodendrocyte_progenitor_2
2656144900138100047,MV_in_Esrrb
2795903600435100172,astrocyte_1
2946331700000009181,endothelial
2796212800882100289,DH_in_Rorb
2726562800222100140,oligodendrocyte_1
2656144900033100012,meninges_1
2707604700223100099,MV_in_Gm26673
2795584800709100193,M_in_Tfap2b
2795584800185100033,oligodendrocyte_2
2656144900217100078,astrocyte_1
2656144900531100204,endothelial
2656144300102200021,oligodendrocyte_1
2795103300195100228,oligodendrocyte_1
2707604700203100105,oligodendrocyte_2
2656144900641100302,DH_ex_Reln/Npff
2795584800708100157,VH_in_Chat
2656144900510100063,astrocyte_1
2946331700000021594,DH_ex_Cpne4
2787445900897100045,oligodendrocyte_progenitor_2
2787445900327100083,oligodendrocyte_progenitor_2
2796212800047100091,astrocyte_2
2707604000039100134,MV_in_Gabra1
2795584800139100086,M_ex_Vsx2
2787889600023100083,DH_ex_Sox5
2787445900550100248,oligodendrocyte_precursor_cell
2787445900232100076,oligodendrocyte_progenitor_2
2707604000109100034,oligodendrocyte_progenitor_2
2795584800588100144,MV_in_Gm26673
2707737900088100173,DH_ex_Maf/Cck
2946331700000002188,endothelial
2787889600024100199,DH_ex_Prkcg/Nts
2796212800626100087,DH_ex_Sox5/Tac1
2707737900112100060,endothelial
2945606900000016939,DH_in_Npy
2795584800436100312,DH_ex_Reln/Nmur2
2656144900190100146,MV_ex_Syt2
2795903600518200016,DH_ex_Reln/Nmur2
2707604700083100085,oligodendrocyte_progenitor_2
2707604800123100010,oligodendrocyte_progenitor_2
2787889600512100107,astrocyte_2
2796212800747100206,M_in_Tfap2b
2795584800124100266,DH_ex_Reln/Nmur2
2787889600450100054,astrocyte_1
2795584800450100137,DH_in_Rorb
2656143800215100183,oligodendrocyte_progenitor_2
2796212800591100091,astrocyte_1
2795903600438100058,DH_ex_Prkcg/Nts
2796212800919100170,oligodendrocyte_progenitor_2
2707604000011200049,endothelial
2707604000140200099,DH_in_Rorb
2787445900361100108,MV_in_Gabra1
2656144900186100075,endothelial
2656144900590100017,oligodendrocyte_2
2787445900244100148,astrocyte_2
2946331700000001655,MV_ex_Shox2
2787445900398100051,astrocyte_1
2707604700389100180,DH_ex_Sox5
2787445900432100030,endothelial
2796212800397100172,M_in_Tfap2b
2795903600461100204,alpha_motoneuron
2945606900000006450,oligodendrocyte_2
2795903600543100098,astrocyte_2
2707604800425100164,DH_ex_Reln/Nmur2
2795903600453100238,astrocyte_1
2946331700000006323,DH_ex_Reln
2796212800887100119,oligodendrocyte_1
2787445900686100169,DH_ex_Tac2
2707604800425100050,DH_ex_Maf/Cck
2796212800263100081,oligodendrocyte_2
2656144900190100251,DH_in_Cdh3
2787445900389100023,DH_ex_Reln
2707604000057100135,DH_ex_Maf/Cck
2707737900086200064,oligodendrocyte_progenitor_2
2787889600316100109,oligodendrocyte_progenitor_2
2787445900731100096,astrocyte_2
2656144900537100184,oligodendrocyte_progenitor_2
2945606900000014563,DH_in_Rorb
2787445900470100023,astrocyte_2
2787445900509100057,meninges_1
2795903600427100230,oligodendrocyte_progenitor_2
2707604000040100076,alpha_motoneuron
2707604800382100014,oligodendrocyte_progenitor_2
2787889600349100058,DM_ex_Zfhx3
2656144900377100049,DH_ex_Gpr83
2795103300365200134,oligodendrocyte_progenitor_2
2795903600168100180,astrocyte_1
2787445900425100099,M_in_Tfap2b
2787445900389100067,astrocyte_1
2787445900254200089,astrocyte_1
2707737900049100093,DH_ex_Reln
2796212800778100086,astrocyte_1
2656144900209100090,DH_in_Rorb
2656143800028100154,oligodendrocyte_1
2787445900051100222,endothelial
2795903600488100175,MV_in_Gabra1
2795584800345100190,gamma_motoneuron
2796212800375100029,MV_in_Gm26673
2946331700000002653,DH_in_Pdyn/Gal
2796212800887100250,oligodendrocyte_1
2656144900237100277,DM_ex_Zfhx3
2796212800914100241,M_in_Tfap2b
2656143800443100031,astrocyte_1
2795903600670100251,endothelial
2796212800747100073,oligodendrocyte_progenitor_2
2787445900549100231,DH_in_Cdh3
2795903600518100154,oligodendrocyte_progenitor_2
2707737900146100209,endothelial
2656143800443100122,oligodendrocyte_progenitor_2
2795584800139100067,oligodendrocyte_2
2787445900395100048,oligodendrocyte_progenitor_2
2707737900075100092,oligodendrocyte_2
2795584800173100033,MV_in_Gm26673
2787445900696100118,astrocyte_2
2796212800208100094,MV_in_Sema5b
2656144900396100033,MV_ex_Shox2
2707604800284100079,astrocyte_1
2946331700000005002,oligodendrocyte_progenitor_2
2707604000123100097,endothelial
2707737900008100172,MV_in_Esrrb
2656143800216100089,astrocyte_1
2796212800812100119,astrocyte_1
2796212800914100063,DH_ex_Rreb1
2726544200025100051,oligodendrocyte_1
2795584800415100050,oligodendrocyte_2
2787445900761100145,astrocyte_1
2795584800224100064,DH_ex_Tac2
2787445900364100139,oligodendrocyte_2
2945606900000016673,oligodendrocyte_progenitor_2
2656144900217100159,DH_ex_Reln/Nmur2
2656143800444100066,visceral_motoneuron
2946331700000004853,MV_in_Sema5b
2795903600490100110,MV_in_Gabra1
2795903600379100119,oligodendrocyte_progenitor_2
2656144900564100067,oligodendrocyte_2
2707737900084100050,astrocyte_1
2707604700387100044,oligodendrocyte_progenitor_2
2656144900503100273,DH_ex_Prkcg/Rxfp1
2787445900550100123,DH_ex_Grpr
2707604000095100190,DH_in_Pdyn
2946331700000021392,astrocyte_1
2707604700200100034,oligodendrocyte_progenitor_2
2656144900315100168,oligodendrocyte_2
2795584800386100197,endothelial
2787889600314100222,DH_in_Npy2r
2796212800945100220,oligodendrocyte_1
2787889600383100115,astrocyte_2
2796212800822100118,oligodendrocyte_1
2795584800189100217,MV_ex_Syt2
2787889600196100032,DH_ex_Maf/Cck
2656144300146100075,DH_ex_Nmu/Tac2
2656144900511100116,astrocyte_1
2796212800488100232,oligodendrocyte_1
2787445900225100023,DH_in_Pdyn
2707604700131100201,oligodendrocyte_2
2787445900050100037,oligodendrocyte_precursor_cell
2656144900516100156,oligodendrocyte_progenitor_2
2796212800231100078,oligodendrocyte_progenitor_2
2795584800377100095,oligodendrocyte_progenitor_2
2946331700000017424,oligodendrocyte_progenitor_2
2796212800536100057,oligodendrocyte_1
2795103300191100053,DH_in_Cdh3
2795584800639100069,astrocyte_1
2726562700238100131,MV_in_Gm26673
2787445900401100042,astrocyte_2
2795584800087100216,MV_in_Gabra1
2795103300345100047,MV_in_Esrrb
2795584800479100028,meninges_3
2726544600377100100,endothelial
2787445900798100023,astrocyte_1
2787445900095100025,oligodendrocyte_2
2707737900021100234,astrocyte_1
2656144900263100169,oligodendrocyte_progenitor_2
2787889600132100014,oligodendrocyte_progenitor_2
2796212800521100178,MV_ex_Shox2
2787445900358200100,oligodendrocyte_progenitor_2
2795103300119100079,MV_in_Gm26673
2707737900101100236,DH_in_Npy
2796212800716100150,oligodendrocyte_progenitor_2
2796212800337100196,astrocyte_1
2796212800789100257,oligodendrocyte_1
2787445900128100079,oligodendrocyte_2
2656144900187100072,astrocyte_1
2656144900209100207,astrocyte_1
2707604000042100242,DH_in_Npy
2796212800396100245,MV_in_Gabra1
2707604000108100160,astrocyte_1
2796212800520100022,astrocyte_1
2946331700000004749,astrocyte_1
2946331700000004297,DH_ex_Gpr83
2656143800443100159,oligodendrocyte_progenitor_2
2796212800855100308,cholinergic_interneuron
2787445900090100146,DH_ex_Reln
2795903600294100032,astrocyte_1
2656144900236100223,DH_in_Cdh3
2795584800435100182,DH_in_Npy2r
2795903600518100107,DH_in_Npy2r
2945606900000029658,oligodendrocyte_progenitor_2
2707604000041100148,MV_ex_Syt2
2787889600132100209,alpha_motoneuron
2795903600455100056,DH_in_Pdyn/Gal
2726544600004100136,alpha_motoneuron
2707604800102100210,MV_in_Gabra1
2707737900145100123,MV_in_Esrrb
2945606900000006757,astrocyte_2
2787445900694100072,M_ex_Vsx2/Shox2
2795103300195100043,oligodendrocyte_progenitor_2
2707604700132100310,DH_ex_Sox5/Tac1
2787445900162100151,MV_ex_Syt2
2707737900133100066,oligodendrocyte_progenitor_2
2787889600128100080,oligodendrocyte_progenitor_2
2656143800052100237,oligodendrocyte_progenitor_2
2787445900724100177,astrocyte_1
2795584800417100056,endothelial
2787445900229100025,astrocyte_1
2796212800297100291,DH_ex_Reln/Nmur2
2707604700341100030,M_ex_Vsx2/Shox2
2656144900617100099,oligodendrocyte_2
2795903600438200018,astrocyte_1
2787889600057200100,oligodendrocyte_1
2796212800585100088,oligodendrocyte_progenitor_2
2707604700060100096,MV_in_Gm26673
2795903600352100096,MV_ex_Shox2
2787445900172100058,oligodendrocyte_1
2795903600142100286,oligodendrocyte_progenitor_2
2787445900362100156,MV_ex_Shox2
2707604800098100012,astrocyte_1
2795903600641200160,oligodendrocyte_progenitor_2
2787889600094100197,MV_in_Gm26673
2946331700000006691,endothelial
2787445900324100174,microglia
2726544600056100177,oligodendrocyte_progenitor_2
2656144900557100265,endothelial
2795103300132100026,astrocyte_1
2787889600096200067,oligodendrocyte_1
2946331700000022215,DH_in_Pdyn
2946331700000019027,MV_in_Gm26673
2787445900398100119,oligodendrocyte_progenitor_2
2795584800493100052,DH_ex_Maf/Cck
2787889600132100053,astrocyte_1
2726544200036100228,astrocyte_1
2656144900557100230,astrocyte_1
2787445900095100088,DH_ex_Reln/Nmur2
2726543700401100100,oligodendrocyte_1
2787445900717200149,astrocyte_1
2707604000026100108,oligodendrocyte_2
2787889600450100228,M_ex_Vsx2/Shox2
2787445900329100050,astrocyte_2
2795903600695100056,oligodendrocyte_progenitor_2
2795903600668100205,endothelial
2795584800420100200,astrocyte_1
2787445900389100137,MV_ex_Syt2
2787445900013100060,astrocyte_1
2796212800212100037,DH_in_Pdyn
2707604700367200097,oligodendrocyte_precursor_cell
2656144900314100152,DH_ex_Tac2
2796212800601200122,MV_in_Sema5b
2796212800759100124,oligodendrocyte_2
2787889600446100089,oligodendrocyte_2
2787445900132100181,DM_ex_Zfhx3
2795103300155100079,DH_ex_Reln/Npff
2656144900110100138,DH_ex_Reln/Npff
2796212800142100209,DH_ex_Reln/Nmur2
2707737900100100216,oligodendrocyte_progenitor_2
2795103300084100051,MV_in_Gm26673
2787889600581100212,M_in_Tfap2b
2787889600097100082,oligodendrocyte_precursor_cell
2795103300120100034,oligodendrocyte_progenitor_2
2787445900501100090,oligodendrocyte_2
2707604700410100044,oligodendrocyte_progenitor_2
2656144900210100160,astrocyte_1
2787445900226100156,DM_ex_Zfhx3
2707604800082100227,DH_in_Npy2r
2795903600644100274,DH_ex_Prkcg/Nts
2787889600231100039,astrocyte_1
2795584800623100047,oligodendrocyte_progenitor_1
2796212800954100076,DH_ex_Cpne4
2945606900000001441,DH_ex_Cpne4
2656144900589100094,astrocyte_1
2787445900322100065,M_in_Tfap2b
2787889600195100055,DH_in_Cdh3
2787889600398100081,oligodendrocyte_progenitor_2
2787889600547100121,M_ex_Vsx2
2656143800053100096,MV_ex_Syt2
2787445900654100035,oligodendrocyte_2
2796212800522100057,DH_ex_Grp
2656144900558100070,oligodendrocyte_precursor_cell
2656143800129100148,astrocyte_1
2796212800855100335,MV_in_Gabra1
2795903600326100180,MV_in_Esrrb
2787445900790100136,oligodendrocyte_2
2707604700059100135,oligodendrocyte_progenitor_2
2796212800780100067,oligodendrocyte_progenitor_2
2656143800415100020,DH_ex_Reln/Npff
2795584800087100201,MV_in_Chrna2
2707604000154100063,oligodendrocyte_2
2787445900583100242,MV_in_Gabra1
2787445900618100082,oligodendrocyte_2
2787445900254100137,astrocyte_2
2787889600445100160,oligodendrocyte_1
2787445900717100020,DH_in_Cdh3
2795584800492100055,DH_ex_Sox5
2707604700248100132,oligodendrocyte_progenitor_2
2726562800117100019,oligodendrocyte_1
2656144900343100142,DH_ex_Maf/Cck
2656143800393100252,M_ex_Vsx2
2707737900061100033,M_ex_Vsx2/Shox2
2795103300120100246,cholinergic_interneuron
2656144300148100250,DM_ex_Zfhx3
2787889600311100183,oligodendrocyte_2
2787889600349100088,MV_in_Gabra1
2796212800462100025,oligodendrocyte_progenitor_2
2707604800364100186,DH_ex_Gpr83
2795903600517100179,MV_ex_Syt2
2787445900658100165,oligodendrocyte_progenitor_2
2787889600406100221,MV_ex_Syt2
2796212800452200035,astrocyte_1
2795584800168100107,oligodendrocyte_progenitor_2
2787445900324100199,M_in_Tfap2b
2796212800486100065,alpha_motoneuron
2656143800128100263,MV_ex_Syt2
2787445900694100122,astrocyte_2
2795903600346100223,alpha_motoneuron
2796212800355100031,DH_ex_Prkcg/Rxfp1
2787445900396100119,alpha_motoneuron
2656144900563100109,oligodendrocyte_1
2795584800412100026,astrocyte_1
2787889600374100080,Schwann_cell
2787445900619100113,oligodendrocyte_progenitor_2
2795584800458100129,DH_ex_Nmu/Tac2
2787889600058100125,oligodendrocyte_1
2795584800162100098,oligodendrocyte_2
2946331700000012651,DH_in_Rorb
2795584800238100104,DH_ex_Maf/Cck
2795103300232100131,oligodendrocyte_1
2796212800920100172,MV_in_Gabra1
2787445900321100089,oligodendrocyte_2
2656144900342200051,DH_ex_Reln/Nmur2
2787445900229200143,oligodendrocyte_2
2796212800535100049,peripheral_glia
2707604000086100041,MV_ex_Syt2
2707604800322100157,Schwann_cell
2946331700000021502,DM_ex_Zfhx3
2787445900353100098,DH_ex_Prkcg/Nts
2787445900588100025,oligodendrocyte_2
2787445900659100045,astrocyte_1
2707604700081100098,microglia
2787445900193100033,astrocyte_1
2787445900432100118,oligodendrocyte_2
2656143800130200139,alpha_motoneuron
2795584800155100014,alpha_motoneuron
2795103300120100224,MV_ex_Shox2
2707604700036100038,endothelial
2796212800883100162,DH_ex_Reln/Npff
2726562800040100184,MV_in_Esrrb
2707604000040100139,oligodendrocyte_progenitor_2
2795584800427100015,MV_in_Gm26673
2707604700108100241,astrocyte_1
2787889600351100174,DM_ex_Zfhx3
2946331700000008258,meninges_1
2795584800188100128,oligodendrocyte_progenitor_2
2787889600315100031,microglia
2796212800080100085,oligodendrocyte_1
2656143800028100186,oligodendrocyte_2
2796212800951100070,alpha_motoneuron
2787445900401100087,oligodendrocyte_progenitor_2
2787445900289100188,endothelial
2946331700000018248,astrocyte_1
2787889600545100121,DM_ex_Zfhx3
2787889600058100185,DH_in_Cdh3
2945606900000016817,MV_in_Sema5b
2656144300141100079,astrocyte_1
2787445900655100123,oligodendrocyte_2
2796212800273100182,M_in_Tfap2b
2795903600480100180,astrocyte_1
2787889600096100125,oligodendrocyte_progenitor_2
2796212800913100083,oligodendrocyte_progenitor_2
2656144900479100120,oligodendrocyte_progenitor_2
2656143800154100065,astrocyte_1
2726543700475100013,MV_in_Chrna2
2946331700000010639,microglia
2726562700257100088,DM_ex_Zfhx3
2656144900562100183,astrocyte_1
2787445900584100019,oligodendrocyte_2
2656144300087100098,oligodendrocyte_progenitor_2
2795903600381100215,oligodendrocyte_progenitor_2
2795903600327100213,oligodendrocyte_progenitor_2
2656144300140100126,DH_ex_Reln
2707737900047100173,endothelial
2787445900763100037,DH_in_Cdh3
2707604700069100169,MV_in_Gabra1
2946331700000000566,astrocyte_1
2787889600382100066,meninges_2
2946331700000000341,alpha_motoneuron
2656144900191100266,astrocyte_1
2656144900315100019,oligodendrocyte_2
2656144300162100053,oligodendrocyte_2
2796212800365100088,DH_in_Cdh3
2945606900000005470,endothelial
2787445900088100136,MV_in_Gabra1
2787889600023100130,oligodendrocyte_progenitor_2
2707604700133100068,meninges_1
2946331700000018881,oligodendrocyte_progenitor_2
2787445900399100154,oligodendrocyte_progenitor_2
2726544600429100175,Schwann_cell
2795103300098100236,MV_in_Gabra1
2796212800455100135,oligodendrocyte_1
2656144900136100009,DH_in_Pdyn/Gal
2707604000085100171,astrocyte_1
2795903600694200107,oligodendrocyte_precursor_cell
2787889600510100079,DH_ex_Reln/Nmur2
2787889600412100091,DH_ex_Tac2
2726544600134100174,DH_ex_Nmu/Tac2
2787445900051100212,DH_in_Cdh3
2787889600347100094,oligodendrocyte_progenitor_2
2945606900000016617,oligodendrocyte_progenitor_2
2707604000058100097,DH_in_Cdh3
2656144900165100017,MV_in_Esrrb
2656144900265100162,astrocyte_1
2707604000040200033,oligodendrocyte_progenitor_2
2707737900095100018,endothelial
2795584800662200014,oligodendrocyte_progenitor_2
2795103300332100164,MV_in_Gabra1
2787889600353100030,endothelial
2787445900261100140,oligodendrocyte_progenitor_2
2787445900860100110,MV_in_Gabra1
2787445900391100058,oligodendrocyte_2
2656144900166100204,oligodendrocyte_progenitor_2
2946331700000004952,MV_ex_Syt2
2656144300188100052,MV_in_Esrrb
2656144900566200058,Schwann_cell
2656144900111100181,astrocyte_1
2707604000084100069,MV_in_Gabra1
2796212800409100121,astrocyte_1
2795903600435100114,oligodendrocyte_progenitor_2
2707604700315100065,oligodendrocyte_2
2707604800404100048,oligodendrocyte_2
2795903600435100206,alpha_motoneuron
2796212800205100028,oligodendrocyte_2
2795584800173100155,oligodendrocyte_precursor_cell
2787889600442100176,M_ex_Vsx2/Shox2
2795903600544100040,astrocyte_2
2787889600488100079,astrocyte_2
2656143800155100047,alpha_motoneuron
2787445900659100128,MV_in_Gm26673
2795103300331100199,MV_in_Gabra1
2707604000057100104,DH_ex_Prkcg/Nts
2787445900206100090,oligodendrocyte_1
2946331700000016119,astrocyte_1
2796212800398100253,microglia
2707604000087200134,meninges_1
2707737900059100035,endothelial
2946331700000015737,MV_ex_Syt2
2946331700000007183,oligodendrocyte_precursor_cell
2656143800216100054,oligodendrocyte_2
2946331700000012586,DM_ex_Zfhx3
2656144900165100231,oligodendrocyte_precursor_cell
2787889600230100251,M_in_Tfap2b
2796212801018100124,DH_ex_Tac2
2796212800079100102,oligodendrocyte_progenitor_2
2795584800449100048,oligodendrocyte_progenitor_2
2795903600696100064,DH_ex_Grp
2707604700249100168,endothelial
2787445900581100125,oligodendrocyte_progenitor_2
2795584800399100164,oligodendrocyte_progenitor_2
2796212801043100033,oligodendrocyte_2
2787889600517100060,oligodendrocyte_2
2946331700000000825,endothelial
2946331700000018626,oligodendrocyte_2
2796212800888100036,DH_in_Cdh3
2707604700363100114,pericyte
2795584800202100221,oligodendrocyte_progenitor_2
2787445900431100024,oligodendrocyte_2
2796212800241100222,astrocyte_1
2656143800416100101,DH_ex_Maf/Cck
2787445900398100050,oligodendrocyte_2
2795903600642100190,oligodendrocyte_progenitor_2
2656143800419100035,microglia
2795584800638100228,MV_in_Sema5b
2707604000068100135,oligodendrocyte_progenitor_2
2795103300194100307,DH_in_Npy2r
2656144900562100103,oligodendrocyte_1
2707604000057100232,DH_in_Cdh3
2795584800201100134,oligodendrocyte_progenitor_2
2707604700069100149,endothelial
2656143800128100150,DH_ex_Gpr83
2796212800879100259,alpha_motoneuron
2795584800137100126,MV_in_Gm26673
2787889600374100033,Schwann_cell
2707737900007100192,DH_ex_Tac2
2796212800822100163,M_in_Tfap2b
2656144900236100175,astrocyte_1
2707604000097200075,oligodendrocyte_progenitor_2
2795584800171100060,astrocyte_2
2787445900696100038,endothelial
2795903600590100118,DH_ex_Maf/Cck
2656144900085100166,DM_ex_Zfhx3
2787445900390100068,astrocyte_1
2946331700000018738,MV_in_Gabra1
2795903600327100100,oligodendrocyte_progenitor_2
2795103300191100083,DH_ex_Nmu/Tac2
2795584800421100222,oligodendrocyte_precursor_cell
2787445900399100057,astrocyte_1
2795584800377100144,oligodendrocyte_progenitor_2
2787889600312100086,DH_ex_Reln/Npff
2795584800203100150,MV_in_Gm26673
2796212800304100166,oligodendrocyte_progenitor_2
2795584800203100148,astrocyte_1
2707737900100100203,astrocyte_1
2707737900061100172,astrocyte_1
2726562700099100162,MV_ex_Shox2
2796212800487100075,MV_in_Chrna2
2656144900542100228,DH_ex_Maf/Cck
2945606900000009900,DM_ex_Zfhx3
2795903600489100205,DM_ex_Zfhx3
2796212800858100136,meninges_1
2796212800275100045,astrocyte_2
2796212800429100088,MV_in_Gabra1
2656144900476100120,meninges_1
2787889600390100160,oligodendrocyte_progenitor_2
2787445900619100151,MV_in_Gm26673
2656143800030100066,oligodendrocyte_2
2945606900000001694,oligodendrocyte_2
2726544600405100189,MV_in_Gm26673
2787445900898100144,astrocyte_1
2795903600490100212,astrocyte_1
2795903600427100128,DH_ex_Reln/Nmur2
2656144900502100079,meninges_1
2945606900000009974,DH_ex_Nmu/Tac2
2707737900085100105,oligodendrocyte_2
2796212800817100163,meninges_2
2707604700225100128,endothelial
2946331700000006503,DH_ex_Maf/Cck
2707604700248100203,oligodendrocyte_progenitor_2
2795584800454100085,astrocyte_1
2795903600269100302,MV_in_Gabra1
2787445900242100192,oligodendrocyte_1
2656144900264100125,alpha_motoneuron
2787889600056100097,DM_ex_Zfhx3
2707604700226100203,MV_in_Esrrb
2796212801010100180,endothelial
2656144900191100175,astrocyte_1
2945606900000010047,DH_ex_Nmu/Tac2
2787445900545100323,astrocyte_1
2656144900371100038,astrocyte_1
2946331700000006365,MV_in_Sema5b
2787445900302100018,astrocyte_1
2795103300157100158,DH_ex_Prkcg/Rxfp1
2656144900317100113,astrocyte_1
2787445900126100023,MV_ex_Syt2
2656143800444100100,oligodendrocyte_progenitor_2
2946331700000001098,oligodendrocyte_progenitor_2
2795584800384100237,astrocyte_1
2707604700083200077,endothelial
2787889600411100082,astrocyte_1
2946331700000010512,DH_ex_Nmu/Tac2
2707604800099100049,oligodendrocyte_2
2795903600322100170,oligodendrocyte_progenitor_2
2656143800391100055,DM_ex_Zfhx3
2795584800511100064,meninges_3
2656144300162100038,DH_ex_Gpr83
2656144900378100114,oligodendrocyte_2
2787445900785100020,astrocyte_1
2796212800944100130,astrocyte_1
2787889600095100237,alpha_motoneuron
2707604800200100041,endothelial
2787445900321100082,endothelial
2795903600402100051,DH_in_Rorb
2787889600581100141,MV_ex_Syt2
2787445900266100236,astrocyte_1
2795903600328100211,DH_ex_Tac2
2656143800416200208,DH_in_Pdyn/Gal
2795584800421100089,MV_ex_Shox2
2787889600061100150,oligodendrocyte_1
2787889600092100164,oligodendrocyte_precursor_cell
2946331700000012147,DH_ex_Prkcg/Nts
2707604700085100177,oligodendrocyte_progenitor_2
2787445900290200040,DH_ex_Reln/Npff
2795903600436100187,oligodendrocyte_2
2707604700201100065,endothelial
2787889600095100074,endothelial
2787889600396100157,oligodendrocyte_progenitor_2
2796212800537100219,DH_ex_Reln
2656144900219100058,oligodendrocyte_precursor_cell
2945606900000003103,endothelial
2726543700100100058,alpha_motoneuron
2787445900583100064,endothelial
2795584800436100278,DH_ex_Nmu/Tac2
2795903600590100035,meninges_1
2946331700000002966,MV_in_Gabra1
2656143800028100048,DH_ex_Sox5/Tac1
2726543700227100110,DH_in_Rorb
2787445900738100116,meninges_1
2787445900621100107,astrocyte_1
2707604000038100034,oligodendrocyte_2
2726543700227100130,endothelial
2707604700246100026,oligodendrocyte_2
2707604700084100211,MV_in_Gm26673
2707604700036100212,astrocyte_1
2656144900477100141,oligodendrocyte_1
2787889600420100070,oligodendrocyte_2
2787445900755100153,MV_in_Gm26673
2787445900225100126,oligodendrocyte_2
2787889600409100205,oligodendrocyte_2
2787445900226100012,oligodendrocyte_2
2796212800142100237,DH_in_Npy2r
2795903600428100179,astrocyte_1
2787445900363100088,endothelial
2656143800215100114,MV_ex_Syt2
2795903600399100135,oligodendrocyte_2
2726562800059100060,oligodendrocyte_1
2707604700274100038,DH_ex_Grp
2795903600348100027,oligodendrocyte_progenitor_2
2945606900000006774,oligodendrocyte_progenitor_2
2795584800240100225,DH_in_Pdyn
2656144300163100112,DH_in_Npy2r
2787445900360100114,M_ex_Vsx2
2707737900074200070,DH_in_Npy2r
2707737900089100136,astrocyte_1
2795903600613100135,astrocyte_1
2946331700000006387,DH_in_Pdyn
2787445900132100044,DH_in_Cdh3
2795584800623100143,MV_in_Gm26673
2656143800367100054,oligodendrocyte_progenitor_1
2787445900634100055,oligodendrocyte_progenitor_2
2707604800446100059,DH_in_Cdh3
2707604800404100136,astrocyte_1
2787445900089100109,DM_ex_Zfhx3
2787445900226100086,astrocyte_2
2707604800060100055,oligodendrocyte_progenitor_2
2796212800593100275,oligodendrocyte_2
2795103300198100040,astrocyte_1
2795584800164200031,endothelial
2707604800099100041,astrocyte_1
2945606900000011811,endothelial
2946331700000004197,DH_ex_Sox5/Tac1
2795903600322100112,oligodendrocyte_progenitor_2
2945606900000003022,DH_in_Rorb
2707737900148200029,astrocyte_1
2787889600312100104,DH_ex_Maf/Cck
2787445900581100128,oligodendrocyte_progenitor_2
2796212800535100075,astrocyte_2
2787445900287100168,oligodendrocyte_2
2795103300367100074,astrocyte_1
2795103300446100142,astrocyte_1
2795903600438100179,oligodendrocyte_precursor_cell
2795103300154100220,DH_ex_Maf/Cck
2796212800111100019,MV_in_Gabra1
2795584800477100127,DH_in_Npy2r
2787445900858100108,DH_in_Npy
2795584800386100135,endothelial
2795903600293100120,MV_in_Sema5b
2707604800384100184,DM_ex_Zfhx3
2795903600438100049,meninges_2
2946331700000008137,meninges_1
2796212800456100131,DH_ex_Prkcg/Rxfp1
2787889600519200072,astrocyte_1
2787445900388100074,oligodendrocyte_progenitor_2
2795584800166100061,astrocyte_1
2795903600667100078,astrocyte_1
2787445900547100147,astrocyte_1
2787445900726100078,DH_ex_Reln
2656144900087100130,astrocyte_1
2707604800103100068,oligodendrocyte_progenitor_2
2707604700340100016,astrocyte_1
2795584800160100091,DH_ex_Sox5
2656144900505100091,astrocyte_1
2796212800914100025,DH_ex_Sox5
2787445900686100146,astrocyte_1
2796212800212100056,DH_ex_Grpr
2726543700195100219,oligodendrocyte_progenitor_2
2796212800792100099,astrocyte_1
2656144900609100214,DH_ex_Nmu/Tac2
2656144300146100142,DH_ex_Prkcg/Cck
2795103300346100094,oligodendrocyte_progenitor_2
2656144900289100166,DM_ex_Zfhx3
2707737900047100044,astrocyte_1
2787445900823100265,MV_in_Gabra1
2707737900089100202,DM_ex_Zfhx3
2795584800138100145,oligodendrocyte_progenitor_2
2787445900835100014,gamma_motoneuron
2656143800317100102,astrocyte_1
2707737900008200205,MV_in_Gabra1
2656144900509100061,oligodendrocyte_2
2656144900371100117,oligodendrocyte_2
2787889600412100177,MV_ex_Syt2
2795103300408100064,endothelial
2946331700000016224,oligodendrocyte_progenitor_2
2656143800241100059,MV_ex_Syt2
2656144900403100027,pericyte
2787445900805100094,DH_ex_Reln/Nmur2
2787445900621100251,oligodendrocyte_progenitor_2
2796212800855100198,astrocyte_1
2656143800103100139,MV_in_Gabra1
2946331700000003227,DM_ex_Zfhx3
2707604800078100080,endothelial
2656144900567100023,oligodendrocyte_2
2796212800715100155,oligodendrocyte_progenitor_2
2707604000085100080,oligodendrocyte_progenitor_2
2795903600169100285,oligodendrocyte_progenitor_2
2787445900584100079,oligodendrocyte_2
2795584800347100079,endothelial
2656144300168100037,oligodendrocyte_2
2707737900131100041,oligodendrocyte_2
2656144900515100319,oligodendrocyte_1
2946331700000012432,oligodendrocyte_progenitor_2
2795903600642100155,MV_in_Sema5b
2707604800363100113,oligodendrocyte_progenitor_2
2796212800788100120,MV_in_Gm26673
2787445900399100059,oligodendrocyte_progenitor_2
2795903600211100303,MV_in_Chrna2
2796212800592100192,astrocyte_1
2787445900584100076,astrocyte_2
2656143800395100073,gamma_motoneuron
2707604000139100120,endothelial
2656144900368100104,DH_ex_Sox5
2946331700000010486,DH_in_Cdh3
2787445900014100072,DH_ex_Reln/Nmur2
2787889600348100042,oligodendrocyte_2
2707604800162100132,oligodendrocyte_progenitor_2
2787889600487100048,oligodendrocyte_progenitor_2
2726562700178100211,oligodendrocyte_1
2946331700000022273,oligodendrocyte_progenitor_2
2946331700000022190,oligodendrocyte_progenitor_2
2787445900131100255,oligodendrocyte_1
2656144300171100067,oligodendrocyte_precursor_cell
2787445900231100045,DH_ex_Maf/Cck
2946331700000004997,oligodendrocyte_progenitor_2
2707604000155100172,astrocyte_2
2656144900343100235,oligodendrocyte_progenitor_2
2787889600616100042,oligodendrocyte_progenitor_2
2795903600143100062,astrocyte_1
2707737900144200093,microglia
2656144900235100074,DH_ex_Reln/Nmur2
2787889600280100050,DH_ex_Nmu/Tac2
2787445900753100133,astrocyte_1
2787889600581100156,MV_in_Gabra1
2795584800188100283,oligodendrocyte_progenitor_2
2795903600326100161,MV_ex_Syt2
2707604700043100050,astrocyte_1
2787445900303100089,astrocyte_2
2787445900253100183,DH_in_Cdh3
2787889600617100098,MV_in_Esrrb
2726562700235100065,oligodendrocyte_1
2656144900420100123,astrocyte_1
2796212800632100063,MV_in_Sema5b
2656144900263100145,MV_in_Gabra1
2945606900000009807,astrocyte_1
2707604000040100188,astrocyte_1
2656144900344100104,oligodendrocyte_progenitor_2
2707604700340100092,oligodendrocyte_precursor_cell
2795584800411100099,endothelial
2946331700000003432,oligodendrocyte_1
2707737900007100267,astrocyte_1
2707604800242100112,oligodendrocyte_progenitor_2
2787889600518100078,MV_in_Gm26673
2656144900421100115,MV_in_Gabra1
2795584800088100023,MV_ex_Shox2
2795903600375100044,oligodendrocyte_progenitor_2
2796212800394200052,oligodendrocyte_1
2795903600058100066,MV_in_Gm26673
2707737900036100009,oligodendrocyte_2
2707604700249100198,oligodendrocyte_2
2787889600360200046,DM_ex_Zfhx3
2795903600518100245,astrocyte_2
2795584800659100187,MV_in_Sema5b
2796212801010100142,MV_in_Gabra1
2945606900000006840,astrocyte_1
2726543700433100205,astrocyte_1
2795903600401100059,DH_ex_Sox5
2656144900141100168,oligodendrocyte_progenitor_2
2787889600580100093,astrocyte_1
2787445900231100237,astrocyte_1
2707604700387100217,M_ex_Vsx2
2707604800081100077,MV_ex_Syt2
2707604800424100068,M_in_Tfap2b
2787445900131100224,DM_ex_Zfhx3
2787889600388100164,endothelial
2945606900000014757,oligodendrocyte_progenitor_2
2787889600413100126,DH_ex_Prkcg/Nts
2795584800421100271,oligodendrocyte_progenitor_2
2787445900792200009,oligodendrocyte_progenitor_2
2707604000042200017,oligodendrocyte_progenitor_1
2787445900464100032,oligodendrocyte_2
2656143800393100194,MV_ex_Syt2
2707604000095200075,DH_ex_Sox5/Tac1
2796212801050100084,DH_in_Cdh3
2795103300400100031,DH_in_Npy
2795103300194100281,DH_ex_Prkcg/Rxfp1
2787889600280100228,M_in_Tfap2b
2707604800364100238,DH_ex_Sox5
2787445900718100233,MV_ex_Syt2
2795584800436100228,DH_in_Pdyn
2656144900510100065,oligodendrocyte_precursor_cell
2796212800457100103,DH_in_Npy
2946331700000001934,MV_in_Gm26673
2796212800418100168,oligodendrocyte_progenitor_2
2787889600281100063,DH_ex_Prkcg/Nts
2787889600166100074,oligodendrocyte_progenitor_2
2946331700000004264,DM_ex_Zfhx3
2656144300185100029,Schwann_cell
2787889600023100254,MV_ex_Syt2
2787889600314100212,M_in_Tfap2b
2796212800887100184,oligodendrocyte_progenitor_2
2796212800822100196,MV_ex_Syt2
2707604700413100025,oligodendrocyte_progenitor_2
2787445900262100093,astrocyte_1
2707604700061100257,MV_in_Gabra1
2656143800417100057,endothelial
2787445900200100133,oligodendrocyte_2
2945606900000006420,oligodendrocyte_progenitor_2
2787445900248100156,DH_ex_Reln/Nmur2
2707604800360100101,astrocyte_1
2656144900217100144,DH_ex_Nmu/Tac2
2787445900226100165,DH_ex_Tac2
2707604000169100091,oligodendrocyte_2
2707604700108200090,oligodendrocyte_precursor_cell
2787445900242100076,oligodendrocyte_progenitor_2
2707604000027100016,Schwann_cell
2795103300380100230,DH_ex_Prkcg/Rxfp1
2656144900350100115,astrocyte_1
2796212800854100026,MV_in_Gabra1
2787445900267100093,astrocyte_1
2796212800977100124,oligodendrocyte_progenitor_2
2707604800081100098,MV_ex_Syt2
2707604000138100179,astrocyte_1
2656143800468100193,DH_ex_Reln/Nmur2
2707737900100200058,M_ex_Vsx2/Shox2
2945606900000008789,meninges_1
2796212800792100277,DH_ex_Prkcg/Nts
2795903600269100105,DH_in_Rorb
2795584800621100065,astrocyte_1
2656143800078100168,DH_ex_Tac2
2795584800391200100,oligodendrocyte_progenitor_2
2656143800129100075,MV_in_Gabra1
2787889600317100075,endothelial
2796212800627100160,oligodendrocyte_progenitor_2
2795903600401100090,DH_in_Rorb
2656143800152100083,DH_ex_Sox5
2946331700000010680,oligodendrocyte_1
2656144900236100141,M_ex_Neurod2
2787445900723100073,astrocyte_2
2787445900263100072,DH_in_Cdh3
2787445900715100073,oligodendrocyte_progenitor_2
2795903600355100124,DH_ex_Tac2
2946331700000004713,DH_ex_Maf/Cck
2796212800394100113,astrocyte_1
2656144900584100101,alpha_motoneuron
2787445900243100040,oligodendrocyte_progenitor_2
2787445900499100104,endothelial
2787445900360100074,astrocyte_1
2795584800222100075,oligodendrocyte_precursor_cell
2795584800139100014,oligodendrocyte_progenitor_2
2656144900531100285,MV_in_Gabra1
2707604700413100065,astrocyte_1
2795903600379100176,alpha_motoneuron
2787445900260100033,alpha_motoneuron
2787889600166100062,oligodendrocyte_precursor_cell
2787889600390100063,alpha_motoneuron
2787889600130100149,oligodendrocyte_2
2795584800416100106,astrocyte_2
2656143800052100089,DH_ex_Gpr83
2656144900447200186,astrocyte_1
2946331700000022293,DH_in_Cdh3
2795103300413100081,oligodendrocyte_progenitor_2
2656144900529100240,DH_ex_Prkcg/Nts
2707604800103100053,DH_ex_Prkcg/Nts
2787445900323100245,oligodendrocyte_progenitor_2
2787889600447100113,oligodendrocyte_precursor_cell
2656144900315100128,DH_in_Pdyn
2795584800384100094,MV_in_Gm26673
2726543700142100040,alpha_motoneuron
2707604700316100009,astrocyte_1
2945606900000000478,astrocyte_1
2787445900433100043,astrocyte_1
2787889600311100138,meninges_2
2656144900351100183,oligodendrocyte_2
2707604700067100141,MV_ex_Syt2
2787445900654100013,oligodendrocyte_2
2946331700000010668,DM_ex_Zfhx3
2707604800364100045,DH_ex_Prkcg/Nts
2796212800535100095,astrocyte_1
2707604700117100020,astrocyte_1
2795903600452100144,alpha_motoneuron
2787445900426100084,endothelial
2945606900000005224,oligodendrocyte_progenitor_2
2946331700000012231,DH_in_Pdyn/Gal
2656144300164100090,endothelial
2656143800155100063,oligodendrocyte_progenitor_2
2787445900398100054,astrocyte_1
2787445900326100225,M_ex_Vsx2/Shox2
2796212800295100099,alpha_motoneuron
2787889600544100064,DH_ex_Sox5
2787445900395100050,oligodendrocyte_progenitor_2
2796212800779100100,oligodendrocyte_1
2707604700035100145,oligodendrocyte_progenitor_2
2946331700000002051,astrocyte_1
2707604800081100088,DM_ex_Zfhx3
2796212800427100086,astrocyte_2
2796212800912100067,endothelial
2787889600414100226,M_in_Tfap2b
2795103300144100037,MV_ex_Shox2
2656144300086100179,endothelial
2795584800435100290,DH_ex_Prkcg/Nts
2787445900236100110,astrocyte_1
2787445900391100068,pericyte
2726544200070100248,DH_ex_Tac2
2795584800426100125,DH_in_Cdh3
2656144900166100243,DH_in_Cdh3
2656144900138100138,DH_ex_Prkcg/Nts
2707604000122100059,oligodendrocyte_2
2795103300108100032,alpha_motoneuron
2946331700000012275,DH_ex_Prkcg/Nts
2945606900000004901,DH_ex_Reln/Nmur2
2795584800476100042,DH_in_Cdh3
2707737900114100112,endothelial
2796212800570100172,DH_ex_Maf/Cck
2795103300121100169,MV_ex_Shox2
2787445900435100052,oligodendrocyte_2
2656144900642100154,oligodendrocyte_2
2795903600488100162,MV_in_Sema5b
2656143800079200164,oligodendrocyte_progenitor_2
2796212800913100045,MV_in_Gabra1
2707604800102200068,M_in_Tfap2b
2787889600056100111,MV_in_Gabra1
2795903600159100244,MV_ex_Syt2
2795584800622100189,astrocyte_1
2796212800882100183,DH_ex_Maf/Cck
2796212800419100200,MV_in_Gabra1
2795103300179100169,M_in_Tfap2b
2787445900167100091,oligodendrocyte_2
2795903600436100202,oligodendrocyte_progenitor_2
2795584800099100038,astrocyte_2
2707604000122100085,oligodendrocyte_progenitor_2
2707604700364100071,astrocyte_1
2945606900000006806,astrocyte_1
2796212800419100167,DH_in_Npy
2787445900135100104,astrocyte_2
2796212800462100143,astrocyte_1
2795103300368100025,M_in_Tfap2b
2707737900088100196,oligodendrocyte_progenitor_2
2707737900062100221,M_in_Tfap2b
2787445900861100030,DM_ex_Zfhx3
2787889600096100031,astrocyte_1
2656143800365100052,Schwann_cell
2795584800449100244,astrocyte_1
2707604700091100044,MV_in_Sema5b
2946331700000004874,oligodendrocyte_progenitor_2
2656143800028100054,DH_ex_Nmu/Tac2
2707604700155100115,oligodendrocyte_progenitor_2
2787445900265100144,DH_ex_Prkcg/Nts
2796212800451100133,oligodendrocyte_progenitor_2
2787445900823100081,DH_in_Npy
2946331700000006892,astrocyte_2
2726544600134100143,DH_ex_Nmu/Tac2
2726562800240100104,oligodendrocyte_progenitor_2
2795903600641100315,DM_ex_Zfhx3
2707604700109100091,oligodendrocyte_precursor_cell
2787445900933100057,gamma_motoneuron
2796212800914100173,MV_in_Gabra1
2707604800424100063,DH_ex_Gpr83
2787445900619200032,astrocyte_1
2796212800337100084,oligodendrocyte_precursor_cell
2795584800483100147,astrocyte_1
2787445900693100051,alpha_motoneuron
2795903600353100096,M_ex_Neurod2
2707604700067100230,MV_ex_Syt2
2787445900435100157,astrocyte_1
2795584800710100123,oligodendrocyte_1
2795584800655100134,DH_in_Pdyn
2707604700177100051,oligodendrocyte_progenitor_2
2707737900047100076,MV_in_Gabra1
2656144900111100184,DH_ex_Grpr
2787889600244100042,astrocyte_1
2787889600347100056,astrocyte_2
2796212800398100187,MV_ex_Syt2
2787445900547100024,oligodendrocyte_2
2795584800122200149,DH_ex_Sox5
2795584800696100105,MV_in_Sema5b
2796212800882100191,DH_in_Cdh3
2656144900641100149,DH_ex_Reln/Nmur2
2795584800378100137,oligodendrocyte_progenitor_2
2787889600091200056,astrocyte_1
2656143800391100256,astrocyte_1
2787445900659100162,M_ex_Vsx2
2656143800213100027,oligodendrocyte_progenitor_2
2787445900097100085,DH_ex_Reln/Nmur2
2945606900000008365,oligodendrocyte_2
2796212800463100021,astrocyte_2
2795903600453100109,M_in_Tfap2b
2795903600117100031,oligodendrocyte_progenitor_2
2707604700180200019,Schwann_cell
2796212800632100044,oligodendrocyte_progenitor_2
2707737900020100165,MV_in_Gabra1
2795903600242100181,DH_ex_Prkcg/Rxfp1
2787445900583100241,MV_in_Gabra1
2945606900000005164,astrocyte_1
2795903600347100067,oligodendrocyte_progenitor_2
2787445900352100042,astrocyte_2
2787889600450100177,MV_in_Gabra1
2787445900353100133,DH_ex_Nmu/Tac2
2707604800363100137,MV_ex_Syt2
2707604700108100092,endothelial
2707604800102100159,oligodendrocyte_2
2946331700000004503,DH_ex_Cpne4
2795903600590100011,meninges_1
2707604700086100198,astrocyte_1
2707604000041200057,oligodendrocyte_1
2656144900531100229,astrocyte_1
2795103300346100142,M_ex_Vsx2/Shox2
2707604700343100179,DH_ex_Nmu/Tac2
2707604000085100158,M_ex_Vsx2
2795903600143100364,astrocyte_1
2787445900228100129,DH_ex_Reln/Nmur2
2795584800710200153,astrocyte_1
2656143800165100016,astrocyte_1
2795584800482100061,astrocyte_1
2787445900288100203,DH_in_Npy2r
2945606900000005263,MV_in_Gm26673
2656143800467100055,DH_ex_Grpr
2946331700000008549,microglia
2795903600269100033,oligodendrocyte_progenitor_2
2795903600196100099,Schwann_cell
2656144900477100116,meninges_1
2787445900655200027,oligodendrocyte_2
2795103300232100088,DH_ex_Maf/Cck
2707604700060100167,MV_in_Sema5b
2787889600282100026,astrocyte_1
2796212800792100334,DH_in_Cdh3
2946331700000013482,DH_in_Npy
2795584800166100142,oligodendrocyte_2
2707604700091100078,astrocyte_1
2787445900657100062,MV_ex_Syt2
2656144900235100258,astrocyte_1
2656143800418100193,astrocyte_1
2795103300297100101,oligodendrocyte_progenitor_2
2656144900542100127,oligodendrocyte_progenitor_2
2656143800002100098,DH_ex_Gpr83
2946331700000005287,oligodendrocyte_2
2726544600056100041,astrocyte_2
2707737900059100127,astrocyte_2
2707737900132100050,alpha_motoneuron
2795103300193100166,DH_in_Pdyn
2787445900396100247,oligodendrocyte_precursor_cell
2795584800589100087,gamma_motoneuron
2707604800425100267,DH_ex_Maf/Cck
2726544600055100050,endothelial
2707604700117100036,astrocyte_1
2707737900101100179,oligodendrocyte_progenitor_2
2787889600057100196,astrocyte_1
2795103300410100155,M_ex_Vsx2
2787445900165100004,astrocyte_2
2787889600303100030,astrocyte_1
2787445900544100047,DM_ex_Zfhx3
2787445900738200001,meninges_3
2787445900252100007,astrocyte_1
2946331700000017607,oligodendrocyte_progenitor_2
2787889600201100036,oligodendrocyte_2
2656144900112100268,oligodendrocyte_progenitor_2
2796212800946100072,MV_in_Gabra1
2946331700000015858,oligodendrocyte_progenitor_2
2707604700094100056,oligodendrocyte_progenitor_2
2656143800002100122,DH_ex_Reln/Nmur2
2795903600268100086,oligodendrocyte_precursor_cell
2787889600278100063,oligodendrocyte_2
2707604000122100058,alpha_motoneuron
2796212800788100028,alpha_motoneuron
2795584800435100103,astrocyte_1
2795903600640100162,MV_in_Gm26673
2796212800272100125,oligodendrocyte_progenitor_2
2796212800563100129,oligodendrocyte_progenitor_2
2707737900145100127,endothelial
2787445900398100076,astrocyte_1
2656144900137100079,DH_ex_Grp
2796212800281100104,DH_ex_Maf/Cck
2707604000053100067,oligodendrocyte_progenitor_2
2795903600590100122,astrocyte_1
2796212800595100108,DH_ex_Maf/Cck
2787889600352100094,MV_in_Gm26673
2795103300400100165,DH_in_Npy
2656143800240100110,DH_in_Cdh3
2787445900328100061,astrocyte_1
2796212800788100066,oligodendrocyte_2
2787445900396100175,M_ex_Vsx2
2726543700141100045,MV_in_Gabra1
2795584800086100178,DH_in_Cdh3
2796212800554100236,DH_ex_Reln/Nmur2
2787445900170100236,MV_in_Esrrb
2787889600516100058,oligodendrocyte_progenitor_2
2796212801042100083,astrocyte_1
2656144300187100014,astrocyte_1
2656144300172100086,gamma_motoneuron
2795103300200100065,oligodendrocyte_2
2656144900530100164,MV_in_Gabra1
2787445900282100024,oligodendrocyte_2
2796212800978100194,oligodendrocyte_progenitor_2
2795103300216100130,DH_in_Npy
2787445900726100162,DH_in_Cdh3
2656144300162100042,oligodendrocyte_1
2795903600269100088,oligodendrocyte_progenitor_2
2787445900358100148,astrocyte_1
2787445900761100251,astrocyte_1
2656143800130100119,astrocyte_1
2707737900098200026,astrocyte_1
2656144900478100139,alpha_motoneuron
2795903600352100080,oligodendrocyte_progenitor_2
2707737900035100043,astrocyte_2
2946331700000010744,DM_ex_Zfhx3
2656144900344100074,astrocyte_1
2656144300172200038,astrocyte_1
2707604700083100139,astrocyte_1
2787445900364100098,endothelial
2707604700083100074,MV_ex_Syt2
2707604700015100035,oligodendrocyte_2
2707604700063100216,DH_ex_Reln
2787445900464100098,oligodendrocyte_progenitor_2
2796212800882100364,DH_in_Cdh3
2795103300113100204,alpha_motoneuron
2795584800350100028,oligodendrocyte_progenitor_2
2707604700251100119,DH_in_Npy2r
2656144900640100088,DH_ex_Cpne4
2656143800241100181,MV_ex_Syt2
2656144900326100094,oligodendrocyte_2
2656144900085100214,DH_ex_Sox5/Tac1
2707604000025100011,astrocyte_1
2707604000140100189,DH_ex_Reln
2656143800420200053,oligodendrocyte_2
2656144900423100018,oligodendrocyte_2
2796212800561100130,MV_in_Esrrb
2787889600096100123,oligodendrocyte_progenitor_2
2726562800240100072,endothelial
2796212800594100254,MV_in_Gabra1
2795584800377100076,astrocyte_1
2795103300447100147,oligodendrocyte_precursor_cell
2656144900489100168,astrocyte_1
2787889600060100033,oligodendrocyte_progenitor_2
2796212800329100048,DH_ex_Reln/Npff
2787445900899100064,oligodendrocyte_progenitor_2
2946331700000006652,DM_ex_Zfhx3
2795584800449100014,MV_in_Gm26673
2656144900211100035,MV_in_Gm26673
2656144900480100157,alpha_motoneuron
2795584800130100195,astrocyte_1
2707737900051100032,astrocyte_1
2795584800361100029,DH_in_Cdh3
2787889600452100022,oligodendrocyte_progenitor_2
2707737900088100013,oligodendrocyte_2
2707604700094100133,DH_in_Pdyn/Gal
2707604000056100181,MV_in_Esrrb
2795584800711100192,oligodendrocyte_2
2945606900000000980,oligodendrocyte_2
2787445900841100065,oligodendrocyte_progenitor_2
2707604800382100158,astrocyte_1
2707737900086100166,pericyte
2726543700129200147,DM_ex_Zfhx3
2787889600412100082,DH_ex_Sox5
2707737900146200118,MV_in_Gabra1
2787445900436200041,oligodendrocyte_progenitor_2
2787445900210100089,astrocyte_2
2787445900699100026,oligodendrocyte_2
2707604700199100093,gamma_motoneuron
2946331700000018245,astrocyte_1
2787889600522100141,astrocyte_2
2945606900000003509,oligodendrocyte_2
2787445900329200007,oligodendrocyte_progenitor_1
2795584800170100076,alpha_motoneuron
2656144900166100064,MV_in_Gabra1
2946331700000003137,endothelial
2787445900823100021,DH_ex_Reln/Npff
2707604700341100277,M_ex_Neurod2
2726562700278100158,alpha_motoneuron
2787889600387100042,oligodendrocyte_progenitor_2
2656144900115100087,oligodendrocyte_2
2787445900687100181,oligodendrocyte_2
2945606900000001143,oligodendrocyte_2
2945606900000006545,oligodendrocyte_progenitor_2
2796212800951100120,alpha_motoneuron
2787445900250100170,oligodendrocyte_progenitor_2
2795903600641200074,oligodendrocyte_2
2796212800410200020,DH_in_Rorb
2796212800879100103,astrocyte_2
2795903600617100091,meninges_2
2656144900616100168,endothelial
2787445900686100112,DH_ex_Sox5
2796212800396100053,MV_in_Esrrb
2707604000057100118,astrocyte_1
2787445900352100186,DH_ex_Reln/Nmur2
2787445900723100060,DH_in_Cdh3
2787889600348100075,oligodendrocyte_2
2787889600413100220,oligodendrocyte_progenitor_2
2787445900622100162,oligodendrocyte_progenitor_2
2795903600437100099,endothelial
2787889600485100083,alpha_motoneuron
2787889600416100014,oligodendrocyte_2
2796212800977100165,DH_in_Cdh3
2656143800390100068,DH_in_Pdyn/Gal
2787445900395100192,alpha_motoneuron
2795903600640100139,MV_ex_Syt2
2787445900581100205,oligodendrocyte_progenitor_2
2707604800340200026,oligodendrocyte_progenitor_2
2946331700000010888,DH_in_Cdh3
2787445900168200095,oligodendrocyte_1
2796212800431100279,oligodendrocyte_progenitor_2
2787445900300100134,DM_ex_Zfhx3
2707737900049100175,DH_ex_Tac2
2796212800791100118,M_in_Tfap2b
2656144900423100058,astrocyte_1
2656144300062100116,MV_in_Gm26673
2796212800758100178,oligodendrocyte_1
2656144900209100093,DH_in_Npy2r
2787889600547100082,oligodendrocyte_progenitor_2
2795903600452100104,alpha_motoneuron
2787445900687100171,astrocyte_1
2796212800486100190,oligodendrocyte_progenitor_2
2726544600408200015,astrocyte_1
2656144900235100248,DM_ex_Zfhx3
2787889600350100033,MV_in_Gm26673
2787889600616100019,astrocyte_1
2795584800161100103,endothelial
2787445900264100110,astrocyte_1
2787889600386100197,MV_in_Gabra1
2946331700000001571,DM_ex_Zfhx3
2787445900789100148,alpha_motoneuron
2787889600386100119,MV_ex_Syt2
2945606900000010665,oligodendrocyte_progenitor_2
2787889600412100166,DH_in_Cdh3
2787889600280100311,MV_ex_Syt2
2787889600373100085,DH_ex_Grpr
2795103300447100172,astrocyte_1
2795584800675100136,oligodendrocyte_1
2946331700000018381,DH_in_Kcnip2
2787445900659100173,astrocyte_1
2787445900225100058,DH_ex_Reln/Nmur2
2787445900724100205,astrocyte_1
2787445900621100087,MV_in_Gabra1
2795903600142100154,MV_ex_Shox2
2707604800384100067,DH_ex_Maf/Cck
2795103300233100143,DH_in_Npy
2795584800421100206,oligodendrocyte_precursor_cell
2796212800275100042,oligodendrocyte_2
2726544600384100075,astrocyte_2
2726562800058100130,DM_ex_Zfhx3
2787889600096100110,oligodendrocyte_progenitor_2
2946331700000000517,astrocyte_1
2707737900008100140,astrocyte_1
2787889600349100057,astrocyte_1
2795584800483100058,oligodendrocyte_progenitor_1
2707604700035100114,oligodendrocyte_progenitor_2
2795903600506100014,oligodendrocyte_progenitor_2
2787445900096100028,endothelial
2787889600399100068,oligodendrocyte_progenitor_2
2795584800380100022,oligodendrocyte_2
2787445900858100113,oligodendrocyte_progenitor_2
2946331700000019951,DH_in_Pdyn
2795584800447100065,oligodendrocyte_progenitor_1
2795903600412100086,DH_in_Npy
2787445900253100096,oligodendrocyte_progenitor_2
2787445900822100089,DH_ex_Nmu/Tac2
2656144900087100085,MV_in_Gm26673
2795903600696100088,oligodendrocyte_1
2787445900263100230,oligodendrocyte_progenitor_2
2795903600518100205,oligodendrocyte_precursor_cell
2707604700387100080,astrocyte_1
2796212800463100139,oligodendrocyte_progenitor_2
2656144300209100077,endothelial
2787889600324100020,DH_ex_Prkcg/Nts
2787889600487100054,astrocyte_1
2795584800202100028,MV_in_Gabra1
2795584800241100088,oligodendrocyte_progenitor_2
2726543700228100183,DH_in_Pdyn
2795903600427100217,MV_in_Gm26673
2796212800109100195,astrocyte_1
2787445900714100051,DH_ex_Sox5/Tac1
2656144300146100170,DH_ex_Maf/Cck
2656144900480100100,astrocyte_1
2787445900622100153,DM_ex_Zfhx3
2707604700272100212,DH_ex_Reln/Nmur2
2787445900325100076,oligodendrocyte_progenitor_2
2787445900798100060,MV_ex_Syt2
2787889600481100142,M_ex_Vsx2/Shox2
2707737900114100075,Schwann_cell
2656144900264100098,MV_in_Gm26673
2795903600242100182,astrocyte_1
2656143800054100125,astrocyte_1
2796212800014200068,oligodendrocyte_progenitor_2
2787889600315100226,astrocyte_1
2656144900350100042,M_in_Tfap2b
2795584800185100096,MV_in_Sema5b
2787445900299100125,M_ex_Vsx2
2707604000055100101,endothelial
2796212800977100252,oligodendrocyte_progenitor_2
2787445900250100008,meninges_1
2787445900433100080,oligodendrocyte_progenitor_2
2726544600107100200,DH_in_Rorb
2787445900861100100,MV_ex_Syt2
2796212800627100139,DH_in_Pdyn/Gal
2795584800413100218,endothelial
2795903600345100018,oligodendrocyte_progenitor_2
2787889600352100180,MV_ex_Shox2
2707604800362100126,astrocyte_1
2656144900511100121,oligodendrocyte_2
2707604700107100231,endothelial
2787889600478100237,astrocyte_1
2707737900048100068,oligodendrocyte_1
2946331700000010844,oligodendrocyte_progenitor_2
2796212800142100168,DH_in_Cdh3
2796212800431100165,DH_in_Pdyn
2795584800638100167,oligodendrocyte_1
2707604800363100070,astrocyte_1
2787889600449100038,MV_in_Esrrb
2795903600641100218,oligodendrocyte_1
2787445900326100140,oligodendrocyte_2
2787889600280100124,DH_ex_Tac2
2795903600544100144,oligodendrocyte_precursor_cell
2795103300121100154,MV_ex_Syt2
2787445900359200137,oligodendrocyte_precursor_cell
2707737900050100035,DH_ex_Reln/Nmur2
2796212800487100214,MV_in_Gm26673
2796212800231100136,astrocyte_1
2787445900622100200,MV_ex_Shox2
2707604800122100102,MV_in_Gabra1
2795103300194100375,DH_ex_Reln
2795903600544100206,Schwann_cell
2787889600450200161,oligodendrocyte_progenitor_2
2707604700223100157,oligodendrocyte_progenitor_2
2795103300441100051,oligodendrocyte_precursor_cell
2787889600195100271,oligodendrocyte_progenitor_2
2787445900098100004,oligodendrocyte_1
2795584800420100151,MV_in_Gabra1
2707604800217200013,meninges_1
2946331700000021343,DH_ex_Sox5/Tac1
2795584800124100153,oligodendrocyte_2
2707604700038100179,oligodendrocyte_progenitor_2
2726543700097100129,MV_in_Chrna2
2796212800297100101,oligodendrocyte_2
2795584800226100082,DH_ex_Nmu/Tac2
2796212800922100254,DH_ex_Maf/Cck
2726544600001100068,astrocyte_1
2726562700259100139,oligodendrocyte_precursor_cell
2787445900725100164,MV_ex_Syt2
2795103300153100193,DH_ex_Nmu/Tac2
2656144900370100131,DM_ex_Zfhx3
2796212800112100235,astrocyte_2
2795103300344100230,oligodendrocyte_progenitor_2
2795584800623200082,astrocyte_1
2795903600195100068,M_ex_Vsx2
2707604700037100152,M_ex_Vsx2
2787889600414100099,oligodendrocyte_2
2795584800389100042,MV_in_Gabra1
2787889600447100116,astrocyte_1
2787445900329100047,oligodendrocyte_2
2707604800219100116,MV_in_Gm26673
2656143800241200052,oligodendrocyte_2
2787445900399100086,astrocyte_1
2707737900085100115,oligodendrocyte_2
2787445900301100046,astrocyte_1
2795103300198100176,M_in_Tfap2b
2796212800364100068,oligodendrocyte_1
2796212800457100037,endothelial
2707604700110100099,meninges_1
2787445900400100116,oligodendrocyte_progenitor_2
2726542200031100165,astrocyte_1
2726562800259100057,astrocyte_1
2707604700343100097,astrocyte_1
2946331700000008768,astrocyte_1
2795903600668100098,astrocyte_1
2795903600427100200,MV_ex_Shox2
2726562700235100102,oligodendrocyte_1
2795903600351100074,astrocyte_2
2795584800317100067,oligodendrocyte_progenitor_2
2787445900285100202,astrocyte_1
2707604700341100226,pericyte
2795584800386100058,alpha_motoneuron
2656144900426100126,astrocyte_1
2787445900170100146,astrocyte_1
2795584800168200076,oligodendrocyte_progenitor_2
2787889600022100075,oligodendrocyte_2
2656143800055100069,endothelial
2656144900505100240,astrocyte_1
2945606900000008139,DH_ex_Sox5/Tac1
2707604800381100123,oligodendrocyte_1
2656144300188100079,oligodendrocyte_1
2787889600479100142,oligodendrocyte_progenitor_2
2656144900609100094,DH_ex_Maf/Cck
2795584800435100227,DH_ex_Nmu/Tac2
2787445900840100040,astrocyte_1
2707604000087100068,DH_ex_Reln
2787889600414100084,DH_ex_Prkcg/Rxfp1
2796212801012100083,DH_in_Npy2r
2795584800475100354,DH_ex_Grpr
2787445900681100131,DH_ex_Maf/Cck
2656144300163100026,DH_ex_Sox5
2787889600242100115,oligodendrocyte_progenitor_2
2796212800978100289,MV_in_Sema5b
2726543700465100021,DM_ex_Zfhx3
2787889600486100044,endothelial
2787889600518100094,astrocyte_1
2787889600450100052,astrocyte_1
2726544200035100160,DH_in_Klhl14
2726562700254100258,oligodendrocyte_1
2707604700035100129,oligodendrocyte_progenitor_2
2656143800415100032,DH_ex_Sox5
2787889600384100050,oligodendrocyte_progenitor_2
2707604000056100108,MV_in_Gabra1
2787445900425100106,astrocyte_1
2796212800759100226,oligodendrocyte_progenitor_2
2795584800492200049,DH_in_Cdh3
2796212800530100015,oligodendrocyte_progenitor_2
2787445900163100014,oligodendrocyte_progenitor_2
2795903600465100105,oligodendrocyte_progenitor_2
2707737900020100117,oligodendrocyte_precursor_cell
2656143800393200051,MV_in_Esrrb
2707604000084100188,oligodendrocyte_2
2795584800639100062,oligodendrocyte_precursor_cell
2787445900205100131,alpha_motoneuron
2795103300346100016,MV_in_Sema5b
2945606900000016841,endothelial
2707604000055100062,oligodendrocyte_progenitor_2
2707604700272100173,DH_ex_Reln
2796212800593200101,astrocyte_2
2656144900561100079,DH_in_Npy2r
2945606900000003353,astrocyte_1
2795103300381100056,MV_in_Chrna2
2795584800204100202,astrocyte_1
2945606900000009991,DH_ex_Prkcg/Cck
2945606900000008258,DH_in_Cdh3
2787445900249100154,DH_ex_Grpr
2656144300194100091,oligodendrocyte_progenitor_2
2787445900297200033,oligodendrocyte_progenitor_2
2707604700200100028,oligodendrocyte_progenitor_2
2707604700202100098,astrocyte_1
2787889600245100091,DH_ex_Reln/Nmur2
2787889600243100118,oligodendrocyte_2
2656144900541100232,oligodendrocyte_progenitor_2
2945606900000008288,oligodendrocyte_2
2656144900479100104,MV_in_Sema5b
2796212801012100276,oligodendrocyte_progenitor_2
2796212800716100019,DH_in_Rorb
2796212800342100093,oligodendrocyte_progenitor_2
2787889600091100104,oligodendrocyte_1
2795103300400100209,DH_in_Pdyn
2795103300364100173,oligodendrocyte_progenitor_2
2787445900364100113,oligodendrocyte_progenitor_2
2787445900511100018,meninges_1
2787889600056100155,oligodendrocyte_progenitor_2
2787445900253200119,DH_ex_Nmu/Tac2
2656144900421100144,MV_ex_Syt2
2656143800002100054,astrocyte_1
2787445900726100102,DH_in_Rorb
2656144900643100065,oligodendrocyte_2
2787445900390100039,DH_ex_Reln/Nmur2
2656144900478100141,astrocyte_1
2787889600317100071,oligodendrocyte_progenitor_1
2656143800368100174,MV_ex_Syt2
2707604800364100074,DH_in_Cdh3
2787889600410100307,oligodendrocyte_progenitor_2
2796212800080100059,endothelial
2787889600093100174,oligodendrocyte_1
2787445900509100100,oligodendrocyte_progenitor_2
2656144900139100108,endothelial
2656144900235100169,DH_ex_Grpr
2656144900529100204,DH_ex_Prkcg/Nts
2707604700067100037,DM_ex_Zfhx3
2787445900126100102,DM_ex_Zfhx3
2787445900861100092,oligodendrocyte_precursor_cell
2796212800617100052,oligodendrocyte_progenitor_2
2946331700000000226,oligodendrocyte_precursor_cell
2656144900394100177,DH_ex_Reln/Nmur2
2707737900033100114,oligodendrocyte_2
2707604700224100100,oligodendrocyte_progenitor_2
2787445900725100139,astrocyte_2
2796212800854100128,astrocyte_1
2787445900424100219,M_ex_Vsx2
2795103300231100041,oligodendrocyte_2
2795584800483100060,DH_ex_Sox5
2787445900360100101,astrocyte_1
2787445900204100072,endothelial
2787445900254100028,astrocyte_1
2787445900620100194,M_ex_Vsx2/Shox2
2656144900503100092,DH_ex_Gpr83
2787445900248100093,oligodendrocyte_progenitor_2
2795584800238100195,DH_ex_Nmu/Tac2
2796212800920100176,oligodendrocyte_1
2656143800079100124,alpha_motoneuron
2726562700098100191,oligodendrocyte_1
2787889600382100009,oligodendrocyte_2
2707604000041100216,oligodendrocyte_progenitor_2
2707604800014100200,DM_ex_Zfhx3
2656144900582100061,oligodendrocyte_progenitor_2
2796212800420100048,DH_in_Npy
2707737900061100243,MV_in_Gabra1
2796212800431100100,oligodendrocyte_progenitor_2
2787445900207200058,endothelial
2795103300144100207,oligodendrocyte_1
2707604800059100101,endothelial
2726544600134100266,DH_ex_Grp
2787445900358100089,oligodendrocyte_2
2787445900549100091,DH_in_Npy2r
2656144300141100102,oligodendrocyte_progenitor_2
2787445900325100055,MV_in_Gabra1
2787445900715100178,MV_in_Sema5b
2656143800055100088,oligodendrocyte_1
2945606900000008639,astrocyte_1
2945606900000017007,M_ex_Vsx2/Shox2
2946331700000015026,DH_in_Cdh3
2656143800392100113,astrocyte_1
2707737900133100065,MV_in_Esrrb
2707604700129100116,oligodendrocyte_2
2945606900000011833,meninges_1
2707604000087100248,oligodendrocyte_progenitor_2
2795103300232100152,DM_ex_Zfhx3
2726544600083100032,visceral_motoneuron
2656144900238100152,oligodendrocyte_progenitor_2
2787889600442100223,oligodendrocyte_progenitor_2
2795584800204100013,oligodendrocyte_progenitor_2
2795584800454100181,DH_ex_Grpr
2795903600381100121,oligodendrocyte_precursor_cell
2796212800911100135,alpha_motoneuron
2787445900548100045,DH_ex_Reln/Nmur2
2787445900285100230,MV_ex_Syt2
2795584800586100199,MV_in_Gm26673
2656144900136100022,DH_in_Pdyn/Gal
2787889600024100276,oligodendrocyte_progenitor_2
2707604700039100110,oligodendrocyte_2
2787445900694100151,oligodendrocyte_2
2787445900618100015,oligodendrocyte_progenitor_2
2707604700063200086,Schwann_cell
2787889600549100040,oligodendrocyte_progenitor_2
2656143800415200026,DH_in_Pdyn/Gal
2787445900387100144,DH_ex_Gpr83
2656143800003100174,DH_ex_Reln
2787889600484100114,oligodendrocyte_precursor_cell
2795584800447200059,oligodendrocyte_progenitor_2
2795584800494100164,DH_ex_Reln/Nmur2
2707604800381100208,oligodendrocyte_progenitor_2
2946331700000004372,oligodendrocyte_2
2656144900540100119,astrocyte_1
2707604700316100018,astrocyte_2
2795103300199100126,oligodendrocyte_progenitor_2
2707737900020100115,MV_in_Gabra1
2795584800202100097,astrocyte_1
2707604800120100016,oligodendrocyte_progenitor_2
2787445900822100024,astrocyte_1
2787445900754100135,oligodendrocyte_2
2787445900897100166,endothelial
2707604700225100088,endothelial
2945606900000007061,astrocyte_1
2796212800882100121,DH_in_Npy
2707604800381100184,MV_in_Sema5b
2787445900585100137,astrocyte_1
2796212800554100140,oligodendrocyte_progenitor_2
2707604800383100102,M_in_Tfap2b
2796212800422100029,oligodendrocyte_progenitor_2
2787889600058100165,MV_in_Gm26673
2795584800554100053,astrocyte_1
2946331700000013147,oligodendrocyte_2
2787889600414100221,endothelial
2787889600478100135,oligodendrocyte_progenitor_2
2656143800153100147,DH_in_Cdh3
2787889600444100173,astrocyte_1
2796212800882100235,oligodendrocyte_progenitor_2
2656144900539100036,pericyte
2787445900135100181,MV_ex_Syt2
2787889600061100183,oligodendrocyte_2
2946331700000003533,oligodendrocyte_progenitor_2
2787445900426100162,astrocyte_1
2787889600197100038,oligodendrocyte_2
2787445900290100041,DH_ex_Prkcg/Rxfp1
2787889600488100105,oligodendrocyte_progenitor_2
2656143800030100114,astrocyte_1
2707737900060100102,endothelial
2945606900000003039,astrocyte_1
2795903600641100121,MV_in_Gabra1
2946331700000020255,astrocyte_1
2787445900285100095,DH_in_Npy
2787445900546100206,oligodendrocyte_progenitor_2
2787445900351100078,endothelial
2787445900718100138,M_ex_Vsx2
2707604700271100043,astrocyte_1
2707604700083200005,oligodendrocyte_progenitor_2
2787889600096100085,endothelial
2787445900236100041,endothelial
2945606900000008034,DH_ex_Prkcg/Cck
2787889600351100301,MV_in_Esrrb
2787889600317100050,oligodendrocyte_precursor_cell
2656144900111100046,DH_ex_Prkcg/Nts
2726544600028200111,oligodendrocyte_progenitor_2
2946331700000009271,peripheral_glia
2787889600276100099,DH_ex_Reln
2946331700000018992,astrocyte_1
2787889600326100066,DH_ex_Sox5
2787445900400100155,oligodendrocyte_progenitor_2
2787889600276100038,DH_ex_Sox5
2707737900108100034,meninges_1
2787445900265100291,oligodendrocyte_2
2787445900586100022,DH_ex_Maf/Slc17a8
2656144900582100222,oligodendrocyte_progenitor_2
2946331700000014828,astrocyte_2
2787445900263100206,oligodendrocyte_1
2656143800053100154,M_in_Tfap2b
2946331700000005026,MV_in_Esrrb
2796212800386100231,oligodendrocyte_1
2656144900194200120,meninges_1
2795584800708100152,MV_ex_Shox2
2787445900657100212,gamma_motoneuron
2707737900061100135,endothelial
2707604700063100164,DH_ex_Prkcg/Nts
2707604800082100241,astrocyte_1
2795584800225100164,DH_ex_Nmu/Tac2
2707604700012100098,oligodendrocyte_progenitor_2
2656144900235100263,DH_ex_Cpne4
2796212800625100047,oligodendrocyte_progenitor_2
2787445900167100041,astrocyte_1
2796212800627100195,DH_ex_Sox5
2787889600129100176,oligodendrocyte_1
2787889600059100066,oligodendrocyte_progenitor_2
2787889600514100180,oligodendrocyte_progenitor_2
2787445900586100031,oligodendrocyte_2
2795584800371100111,oligodendrocyte_progenitor_2
2787445900897100066,astrocyte_1
2796212800747100190,oligodendrocyte_2
2795903600412100098,DH_in_Cdh3
2707604000041100058,MV_in_Gm26673
2795103300233100184,DH_ex_Prkcg/Rxfp1
2787445900598100282,oligodendrocyte_progenitor_2
2795903600266100110,endothelial
2656144900370100123,astrocyte_1
2787889600409100112,DH_in_Cdh3
2707604800058100113,alpha_motoneuron
2795584800138100049,M_in_Tfap2b
2656144900140100149,oligodendrocyte_progenitor_2
2945606900000000829,meninges_1
2787889600479100081,astrocyte_1
2795584800380100073,oligodendrocyte_1
2795903600669100244,astrocyte_1
2796212800273100051,astrocyte_1
2787889600442200111,astrocyte_1
2946331700000018556,astrocyte_1
2656144900641200236,astrocyte_1
2795584800449100186,DH_ex_Reln/Nmur2
2656144900557100170,MV_in_Gabra1
2656144900325100282,VH_in_Chat
2787445900501100089,oligodendrocyte_precursor_cell
2945606900000011754,astrocyte_2
2795103300109100244,oligodendrocyte_progenitor_2
2726562700098100166,endothelial
2707737900102200025,endothelial
2787445900193100096,oligodendrocyte_progenitor_2
2656144900422100095,endothelial
2787445900861100070,oligodendrocyte_progenitor_2
2796212800452100019,oligodendrocyte_2
2656143800153100291,DH_ex_Nmu/Tac2
2707604700270100094,oligodendrocyte_2
2795584800450100122,astrocyte_1
2795903600644100267,DH_ex_Grpr
2787889600384100072,oligodendrocyte_progenitor_2
2946331700000008175,oligodendrocyte_2
2796212800142100226,DH_ex_Nmu/Tac2
2656144900503100030,DM_ex_Zfhx3
2707737900062100196,DM_ex_Zfhx3
2795584800424100132,oligodendrocyte_2
2796212800406200039,astrocyte_1
2796212800362100058,oligodendrocyte_2
2787889600580100085,astrocyte_1
2787445900545100259,DH_ex_Prkcg/Nts
2787445900285100040,DH_ex_Grpr
2795903600614100247,alpha_motoneuron
2796212800429200130,oligodendrocyte_1
2707604700248100130,MV_in_Gabra1
2707737900072100128,astrocyte_2
2795903600084100157,oligodendrocyte_2
2707604800036100068,astrocyte_1
2787445900401100094,oligodendrocyte_progenitor_2
2795584800169100066,MV_in_Sema5b
2787445900661100032,oligodendrocyte_progenitor_2
2946331700000015237,M_ex_Vsx2/Shox2
2795584800089100191,MV_in_Sema5b
2656144900584100094,astrocyte_1
2787889600520100019,Schwann_cell
2946331700000002977,oligodendrocyte_progenitor_2
2945606900000028658,MV_in_Gm26673
2787445900169200195,oligodendrocyte_progenitor_2
2656144900084100127,DH_ex_Sox5/Tac1
2707737900113100021,oligodendrocyte_progenitor_2
2796212800342100106,oligodendrocyte_progenitor_1
2787445900288100080,DH_ex_Nmu/Tac2
2945606900000017085,astrocyte_1
2795903600516100106,oligodendrocyte_precursor_cell
2795584800169100095,oligodendrocyte_progenitor_2
2795584800398100165,DH_ex_Reln/Npff
2707604700201100128,oligodendrocyte_progenitor_2
2787889600277100211,DH_ex_Sox5
2726544600134100267,DH_in_Npy
2796212800487100146,MV_ex_Shox2
2795584800139100187,astrocyte_2
2656144900396100012,endothelial
2945606900000008285,DH_ex_Maf/Cck
2795103300197100247,M_in_Tfap2b
2787889600410100211,DH_ex_Nmu/Tac2
2656144900139100210,oligodendrocyte_progenitor_2
2707604000138100207,MV_ex_Syt2
2795103300144100048,oligodendrocyte_progenitor_1
2787445900756100130,oligodendrocyte_progenitor_2
2707604000057100280,oligodendrocyte_progenitor_2
2795584800450100085,DH_ex_Grp
2787889600165100109,oligodendrocyte_2
2796212800714100160,oligodendrocyte_2
2656144300102100121,oligodendrocyte_1
2787445900546100122,DH_in_Rorb
2707737900144100193,endothelial
2787445900426100066,astrocyte_1
2707737900007100209,DH_in_Cdh3
2787445900264100162,oligodendrocyte_progenitor_2
2707737900033100094,oligodendrocyte_2
2945606900000003315,astrocyte_1
2787889600060100135,endothelial
2787445900254100149,DH_ex_Reln/Npff
2656144900515100046,MV_in_Gm26673
2656144900324100087,M_ex_Vsx2
2795103300331100101,MV_in_Gm26673
2707604700036100237,astrocyte_1
2795903600355100221,DH_ex_Sox5
2795903600346100184,astrocyte_1
2656144900557100176,astrocyte_1
2707604700092100221,DH_in_Cdh3
2795903600031100115,astrocyte_1
2795103300379100093,DH_in_Npy2r
2707604800040100073,Schwann_cell
2795903600401100069,DH_ex_Sox5/Tac1
2795584800602100066,oligodendrocyte_2
2787445900687100034,meninges_1
2795903600301100290,astrocyte_1
2795584800173100213,DH_in_Cdh3
2795103300445100105,astrocyte_1
2726562700202100408,oligodendrocyte_progenitor_2
2707604700364100170,oligodendrocyte_progenitor_2
2795103300160100112,oligodendrocyte_1
2656144900210100144,oligodendrocyte_precursor_cell
2787445900267100147,oligodendrocyte_progenitor_2
2726543700401100085,MV_in_Gm26673
2787445900325100234,DH_ex_Reln/Npff
2946331700000004230,DH_in_Cdh3
2707604700295100037,oligodendrocyte_progenitor_2
2795103300411100061,oligodendrocyte_precursor_cell
2707604800036100067,astrocyte_1
2787445900224100139,MV_in_Gabra1
2796212800242100063,DH_ex_Prkcg/Nts
2656144300146100120,DH_ex_Nmu/Tac2
2796212801012100143,DH_ex_Rreb1
2795584800165100086,MV_in_Sema5b
2945606900000008776,meninges_2
2787445900395100044,alpha_motoneuron
2796212800954200056,oligodendrocyte_progenitor_2
2707604000070100108,endothelial
2656143800391100097,astrocyte_1
2796212800887100159,oligodendrocyte_precursor_cell
2726544600056100012,beta_motoneuron
2726543700401100019,gamma_motoneuron
2787889600316100223,oligodendrocyte_progenitor_2
2656143800127100139,DH_in_Pdyn
2796212800944200009,oligodendrocyte_progenitor_2
2726544200038100146,MV_in_Esrrb
2656144900539100070,astrocyte_2
2656144900370100148,astrocyte_1
2656144900211100123,MV_ex_Syt2
2795584800226100051,DH_in_Npy
2946331700000008653,MV_in_Esrrb
2787889600389100026,oligodendrocyte_progenitor_2
2945606900000017058,endothelial
2796212800667100170,DH_ex_Prkcg/Cck
2787445900298100061,MV_in_Gabra1
2795903600515100021,oligodendrocyte_2
2796212800944100117,MV_ex_Syt2
2946331700000020264,oligodendrocyte_2
2795903600169100077,MV_in_Gabra1
2796212800141100044,astrocyte_2
2787889600481100250,alpha_motoneuron
2787445900395100058,alpha_motoneuron
2787889600023100067,DH_ex_Reln/Nmur2
2796212800760100230,DH_ex_Reln/Npff
2796212800945100203,MV_in_Gabra1
2946331700000012260,astrocyte_1
2787445900716100099,astrocyte_2
2726562800178100093,oligodendrocyte_progenitor_2
2787889600091100019,astrocyte_1
2796212800365100135,DH_ex_Gpr83
2707604000123100102,MV_in_Gm26673
2656144300188100108,oligodendrocyte_progenitor_2
2707604700343100260,oligodendrocyte_progenitor_2
2707604800382100049,oligodendrocyte_progenitor_2
2787445900726100058,DH_ex_Gpr83
2656144900564100009,oligodendrocyte_2
2787445900200100107,endothelial
2787889600312100235,microglia
2787445900288100199,astrocyte_1
2787889600444100129,astrocyte_1
2795903600143100084,DH_ex_Reln/Nmur2
2795584800386100149,endothelial
2707604700248100085,endothelial
2795584800450100114,DH_ex_Sox5/Tac1
2787445900090100212,DH_in_Cdh3
2787445900249100091,DH_ex_Reln/Npff
2796212800329100061,DH_ex_Reln/Nmur2
2795584800103100101,alpha_motoneuron
2707604700199100059,oligodendrocyte_precursor_cell
2787445900698100087,endothelial
2787889600479100079,MV_in_Sema5b
2707604700092100060,astrocyte_1
2796212800398100212,oligodendrocyte_progenitor_2
2787889600424100025,oligodendrocyte_progenitor_2
2795103300098100068,DH_ex_Maf/Cck
2787445900545100103,DH_ex_Reln/Npff
2707604000070100266,MV_ex_Syt2
2656144900138100129,M_in_Tfap2b
2707604700343100049,M_in_Tfap2b
2787445900322100045,oligodendrocyte_progenitor_2
2795584800171100054,oligodendrocyte_2
2707604800381100098,DH_ex_Gpr83
2656144900561100215,MV_in_Sema5b
2795584800638100227,M_ex_Vsx2
2707737900073100026,oligodendrocyte_progenitor_2
2796212800918100085,oligodendrocyte_1
2796212800911100084,alpha_motoneuron
2787445900249100087,oligodendrocyte_2
2707737900076100074,oligodendrocyte_1
2796212800979100165,oligodendrocyte_progenitor_2
2795903600437100039,DM_ex_Zfhx3
2656143800030100113,oligodendrocyte_progenitor_2
2787445900362100155,oligodendrocyte_progenitor_2
2795903600590100324,DH_in_Npy2r
2795584800136100190,oligodendrocyte_progenitor_2
2707604700272100273,oligodendrocyte_progenitor_2
2707604000057100051,DH_ex_Maf/Cck
2787445900225200121,oligodendrocyte_progenitor_2
2795103300120100096,oligodendrocyte_progenitor_2
2707604700342100276,DH_ex_Maf/Cck
2787445900352100128,DH_ex_Prkcg/Nts
2796212800355100168,oligodendrocyte_progenitor_2
2795584800139100099,astrocyte_2
2787445900402100104,oligodendrocyte_2
2707737900089100184,DH_ex_Nmu/Tac2
2707604700249100275,oligodendrocyte_2
2946331700000015789,endothelial
2707604800339100061,endothelial
2787445900551100033,meninges_1
2795103300400100190,DH_ex_Reln/Nmur2
2656144900193200027,astrocyte_1
2707604000043100041,Schwann_cell
2946331700000003237,M_in_Tfap2b
2795903600355100209,DH_ex_Reln/Npff
2945606900000008103,oligodendrocyte_progenitor_1
2787445900387100067,meninges_1
2795584800420100157,oligodendrocyte_precursor_cell
2787445900699100027,oligodendrocyte_progenitor_2
2656144900507100042,astrocyte_1
2787445900583100228,endothelial
2787445900660100195,oligodendrocyte_progenitor_2
2787889600326100129,DH_ex_Sox5
2707604000110100199,DH_ex_Maf/Cck
2945606900000002072,oligodendrocyte_2
2787445900797100068,alpha_motoneuron
2795903600517100039,astrocyte_1
2795103300198100139,oligodendrocyte_progenitor_2
2656144900420100104,DH_ex_Reln/Npff
2656144900191100136,DH_ex_Maf/Cck
2787889600350100192,oligodendrocyte_precursor_cell
2787445900207100053,oligodendrocyte_progenitor_2
2656144900531100089,astrocyte_1
2787445900363100156,oligodendrocyte_2
2796212800954100106,DH_in_Cdh3
2787889600548100037,oligodendrocyte_progenitor_2
2707604800444100206,DH_in_Cdh3
2795584800238100078,astrocyte_1
2787445900232100039,oligodendrocyte_2
2726562700117100251,oligodendrocyte_progenitor_2
2656143800216100281,astrocyte_1
2796212800386100204,oligodendrocyte_progenitor_2
2795103300154100226,oligodendrocyte_1
2656143800078100016,MV_in_Gabra1
2787445900463100070,oligodendrocyte_progenitor_2
2707604700249100125,M_ex_Neurod2
2787445900361100156,MV_in_Gabra1
2796212800887100255,oligodendrocyte_1
2946331700000018654,DM_ex_Zfhx3
2707737900133100092,oligodendrocyte_2
2946331700000000099,oligodendrocyte_2
2707737900147100265,DH_in_Cdh3
2787445900264100080,astrocyte_1
2796212800109100028,MV_in_Chrna2
2787889600413200146,astrocyte_1
2946331700000017621,endothelial
2796212800879100271,oligodendrocyte_precursor_cell
2707737900113100122,pericyte
2787445900207100076,oligodendrocyte_1
2795903600293100043,oligodendrocyte_progenitor_2
2787445900330100031,DH_in_Cdh3
2796212801012100241,DH_ex_Cpne4
2796212800715100024,oligodendrocyte_precursor_cell
2795903600348100258,DH_in_Pdyn
2795584800136100046,astrocyte_2
2787445900895100097,oligodendrocyte_progenitor_2
2796212800398100220,oligodendrocyte_progenitor_2
2656144900557100097,cholinergic_interneuron
2795903600139100161,oligodendrocyte_progenitor_2
2656144900351100250,oligodendrocyte_2
2787445900298100141,oligodendrocyte_2
2945606900000006399,DH_ex_Prkcg/Cck
2796212800110100227,DH_in_Npy
2707604000056100228,M_ex_Neurod2
2707604700341100134,MV_in_Gm26673
2787889600024100133,oligodendrocyte_precursor_cell
2787445900364100096,MV_in_Gm26673
2787889600389100113,astrocyte_1
2656144900166100050,MV_in_Gm26673
2795103300189100053,DH_ex_Reln/Nmur2
2707604800240100133,oligodendrocyte_progenitor_2
2787445900360100030,M_ex_Vsx2
2796212800693100145,meninges_1
2795903600300100015,astrocyte_2
2945606900000010265,meninges_3
2795903600059100172,M_in_Tfap2b
2795584800203100169,oligodendrocyte_progenitor_2
2787889600386100047,MV_in_Gm26673
2656144900315100105,DH_in_Npy2r
2946331700000022168,DH_ex_Rreb1
2656144900315100097,oligodendrocyte_progenitor_2
2787445900266100075,oligodendrocyte_progenitor_2
2787445900753100135,oligodendrocyte_2
2787889600279100127,DH_in_Cdh3
2656143800392200020,oligodendrocyte_progenitor_2
2787445900464100013,oligodendrocyte_progenitor_2
2795903600328100221,DH_ex_Prkcg/Nts
2787445900169100146,M_in_Tfap2b
2787889600230100072,DH_ex_Grpr
2787445900400100120,MV_in_Gm26673
2796212801012100065,astrocyte_1
2726544200035100285,DM_ex_Zfhx3
2787445900620100245,endothelial
2707737900144100053,oligodendrocyte_precursor_cell
2656144900237100038,astrocyte_1
2707737900087100252,astrocyte_1
2787445900359100160,oligodendrocyte_progenitor_2
2787445900328100169,oligodendrocyte_progenitor_2
2707604800241100072,astrocyte_1
2795584800139100101,oligodendrocyte_progenitor_2
2795103300179100145,M_in_Tfap2b
2707604700062100241,astrocyte_1
2795903600032100277,DH_in_Npy2r
2726542200063100066,oligodendrocyte_progenitor_2
2787445900207100111,astrocyte_1
2796212800789100204,astrocyte_1
2656144300148100064,MV_in_Esrrb
2707604800364100112,astrocyte_1
2726543700433100056,oligodendrocyte_1
2656144900479100067,alpha_motoneuron
2946331700000001850,oligodendrocyte_progenitor_2
2787445900696100123,astrocyte_2
2795903600268100280,oligodendrocyte_progenitor_2
2656144900477100089,oligodendrocyte_2
2787889600268100074,oligodendrocyte_2
2656144900377100035,oligodendrocyte_progenitor_2
2795584800189100082,MV_in_Chrna2
2656143800392100245,M_in_Tfap2b
2787445900127100157,oligodendrocyte_2
2787889600094200139,oligodendrocyte_2
2656144900349100047,DH_in_Npy
2707604800081100185,astrocyte_1
2787889600384100018,endothelial
2945606900000009975,oligodendrocyte_progenitor_2
2795903600438100231,oligodendrocyte_2
2796212800760100162,DH_in_Npy2r
2707737900099100225,oligodendrocyte_progenitor_2
2795903600669100127,oligodendrocyte_progenitor_2
2787445900262100020,MV_ex_Syt2
2795903600031100131,MV_in_Gm26673
2787445900788100010,MV_in_Gm26673
2707604700069100160,endothelial
2795584800224100184,DH_ex_Reln
2707604700198200065,endothelial
2787445900245100093,oligodendrocyte_2
2787445900339100052,oligodendrocyte_2
2796212800846100041,oligodendrocyte_precursor_cell
2787445900795100011,astrocyte_2
2707604700035100148,endothelial
2796212800593100265,oligodendrocyte_progenitor_2
2707604000138100256,astrocyte_1
2787445900584100195,astrocyte_1
2796212800882100197,DH_ex_Reln
2707604700387100023,astrocyte_1
2796212800265100128,DH_in_Cdh3
2656144900323100152,DH_ex_Reln/Nmur2
2787445900229100208,MV_in_Sema5b
2796212800207100138,oligodendrocyte_progenitor_2
2795903600114100165,oligodendrocyte_progenitor_2
2796212800364100264,oligodendrocyte_progenitor_2
2795903600058100192,oligodendrocyte_progenitor_2
2787445900729100033,astrocyte_2
2795103300447100137,astrocyte_1
2707604700107200074,oligodendrocyte_1
2707604800363100173,MV_in_Sema5b
2656144900235100060,DH_ex_Reln/Nmur2
2795103300156100092,MV_in_Gm26673
2796212800395100100,MV_in_Gm26673
2707604800341100161,astrocyte_1
2946331700000014082,DH_in_Cdh3
2787445900291100079,oligodendrocyte_progenitor_2
2796212800530100054,DH_ex_Sox5
2795903600209100030,alpha_motoneuron
2787445900655100101,M_ex_Vsx2/Shox2
2795903600347100057,oligodendrocyte_progenitor_2
2656144300186100055,oligodendrocyte_precursor_cell
2656144900530100114,astrocyte_1
2787445900389100196,oligodendrocyte_progenitor_2
2795584800414100062,endothelial
2787889600619100099,oligodendrocyte_progenitor_2
2787445900586100074,endothelial
2796212800921100156,astrocyte_1
2795903600570100039,Schwann_cell
2946331700000006665,DH_ex_Grpr
2787445900162100103,M_ex_Vsx2
2656144900275100074,meninges_1
2787445900188100049,DH_in_Pdyn/Gal
2656143800239100101,DH_in_Cdh3
2726562700200200076,M_ex_Vsx2/Shox2
2787889600315100119,astrocyte_1
2796212800396100250,MV_ex_Syt2
2796212800789100123,alpha_motoneuron
2795103300233200244,Schwann_cell
2656143800054100163,oligodendrocyte_progenitor_2
2796212800407100061,oligodendrocyte_progenitor_2
2795103300406100055,oligodendrocyte_2
2796212800625100093,endothelial
2787445900583100119,DH_in_Cdh3
2787445900426100096,astrocyte_1
2707604800165100007,pericyte
2707604800445100024,DH_in_Cdh3
2946331700000015810,oligodendrocyte_progenitor_2
2787445900246100128,oligodendrocyte_2
2656144900529100234,oligodendrocyte_progenitor_1
2795584800103100226,oligodendrocyte_progenitor_2
2796212800595100097,DH_in_Pdyn
2796212800593100045,DM_ex_Zfhx3
2707604700225100046,MV_in_Gm26673
2656144900326100051,endothelial
2787889600229100089,MV_in_Sema5b
2796212800822100087,MV_in_Gabra1
2787889600410100022,Schwann_cell
2796212800521100189,MV_in_Gabra1
2795103300197100142,oligodendrocyte_1
2707604700058100016,oligodendrocyte_2
2787445900124100049,oligodendrocyte_2
2787445900821100076,DH_ex_Prkcg/Rxfp1
2946331700000021579,astrocyte_1
2795584800353100106,MV_in_Gabra1
2787445900621100132,MV_in_Gm26673
2787445900769100084,oligodendrocyte_2
2707604000086100148,DH_ex_Tac2
2795584800435100239,DH_ex_Maf/Cck
2726543700163100217,oligodendrocyte_1
2787889600056100129,oligodendrocyte_1
2656143800418100150,astrocyte_1
2707604700015100045,astrocyte_1
2707604000108100053,oligodendrocyte_2
2795584800240100074,astrocyte_1
2707604700362100084,astrocyte_1
2787889600313100103,DH_in_Cdh3
2795103300199100142,oligodendrocyte_progenitor_2
2946331700000013206,DH_ex_Reln/Nmur2
2796212800791100054,astrocyte_1
2796212800823100110,oligodendrocyte_precursor_cell
2707737900021100144,oligodendrocyte_progenitor_2
2787445900464100109,gamma_motoneuron
2787445900352100179,DH_in_Cdh3
2656144900112100093,MV_in_Gabra1
2656144900236100259,MV_in_Gabra1
2656144300108200089,oligodendrocyte_progenitor_2
2795903600544100113,DH_in_Npy
2787445900364100156,astrocyte_1
2787889600162100125,oligodendrocyte_2
2946331700000012136,astrocyte_1
2795584800087100225,DH_in_Cdh3
2796212800667100194,MV_in_Sema5b
2707604700223100051,endothelial
2945606900000003015,DM_ex_Zfhx3
2707604700271100223,DH_in_Pdyn/Gal
2787445900625100135,astrocyte_2
2707604800281100097,oligodendrocyte_progenitor_2
2707604000123100048,MV_ex_Syt2
2707604800361100185,oligodendrocyte_progenitor_2
2787445900619100071,oligodendrocyte_progenitor_2
2795103300344100163,oligodendrocyte_2
2787889600546100038,DH_ex_Sox5
2946331700000005065,DH_in_Npy2r
2796212800408100125,M_ex_Vsx2
2707604700225200013,endothelial
2787445900634100088,oligodendrocyte_progenitor_2
2656144900264100045,endothelial
2795903600481100155,oligodendrocyte_progenitor_2
2656144900315100134,DH_in_Npy2r
2787445900658200126,astrocyte_2
2795903600294100205,MV_in_Gabra1
2787445900858100123,oligodendrocyte_progenitor_2
2656143800443100271,oligodendrocyte_progenitor_2
2787445900580100103,oligodendrocyte_2
2707604800364100060,DH_ex_Grp
2656144900137100078,astrocyte_1
2787445900662100106,oligodendrocyte_2
2795584800122100177,DH_ex_Reln/Nmur2
2796212800890100260,DH_in_Pdyn
2795903600267100194,oligodendrocyte_progenitor_2
2796212800142100094,DH_in_Cdh3
2707604000027100168,astrocyte_1
2707604700250100103,endothelial
2796212800457100157,DH_ex_Maf/Cck
2796212800374100076,astrocyte_1
2787445900322100082,DM_ex_Zfhx3
2726544600055100123,oligodendrocyte_precursor_cell
2796212800913100033,DM_ex_Zfhx3
2656144300125100103,DH_ex_Maf/Cck
2707604700062100249,DH_ex_Maf/Cck
2795584800240100212,oligodendrocyte_progenitor_2
2787445900804100215,DH_ex_Maf/Cck
2726562800201100138,astrocyte_1
2707737900060100130,oligodendrocyte_progenitor_2
2656144900590200135,oligodendrocyte_precursor_cell
2795103300411100165,astrocyte_1
2787445900397100113,astrocyte_1
2787889600444200151,oligodendrocyte_2
2796212800979100216,oligodendrocyte_progenitor_2
2656144900216100060,DH_in_Rorb
2946331700000014861,astrocyte_1
2726543700195100180,MV_ex_Syt2
2795103300267200016,oligodendrocyte_progenitor_2
2787445900586100154,oligodendrocyte_progenitor_2
2787445900695100066,oligodendrocyte_2
2707604000054100035,astrocyte_1
2707604700131100211,endothelial
2795903600293100164,astrocyte_1
2946331700000014361,alpha_motoneuron
2656143800205100053,astrocyte_1
2707737900060100240,endothelial
2796212800429100168,MV_ex_Syt2
2946331700000002157,oligodendrocyte_progenitor_2
2796212800529100006,astrocyte_2
2707604700058100160,oligodendrocyte_precursor_cell
2707604700106100115,oligodendrocyte_progenitor_2
2946331700000021363,DH_in_Kcnip2
2945606900000003040,DH_ex_Sox5/Tac1
2787889600347100148,oligodendrocyte_2
2726543700538100039,MV_in_Sema5b
2726562700277100139,MV_in_Gm26673
2795103300097100263,astrocyte_1
2787445900621100039,DH_in_Cdh3
2656144900514100121,astrocyte_1
2787889600130100102,MV_ex_Syt2
2787445900389100119,DH_ex_Sox5
2946331700000006269,DH_ex_Reln/Nmur2
2787445900436100091,oligodendrocyte_2
2795903600031100072,astrocyte_1
2787445900162100060,oligodendrocyte_progenitor_2
2796212800296100024,M_ex_Vsx2
2787889600196100059,oligodendrocyte_progenitor_2
2787445900425100146,DM_ex_Zfhx3
2795103300231100205,astrocyte_1
2796212800175100124,astrocyte_1
2787445900932100007,microglia
2787445900549100038,DH_ex_Cpne4
2787445900163100133,MV_in_Esrrb
2795103300128100013,oligodendrocyte_progenitor_2
2787889600355100008,astrocyte_2
2795903600211100304,astrocyte_1
2707604000153100114,oligodendrocyte_progenitor_2
2795103300191100081,DH_in_Cdh3
2707604700364100085,MV_ex_Shox2
2795584800353100202,oligodendrocyte_progenitor_2
2707604000069100126,endothelial
2656144900615100173,endothelial
2796212800538200035,oligodendrocyte_progenitor_2
2707604000069100125,MV_in_Esrrb
2656143800468100064,DH_in_Cdh3
2726542200026100047,M_ex_Vsx2/Shox2
2707604000100100078,oligodendrocyte_progenitor_2
2787445900621100249,astrocyte_1
2787889600280100082,DM_ex_Zfhx3
2946331700000021581,astrocyte_1
2656144900529100205,endothelial
2787445900325100263,M_in_Tfap2b
2795103300233100218,DH_ex_Prkcg/Rxfp1
2787889600266100122,oligodendrocyte_progenitor_2
2726544600109100080,oligodendrocyte_1
2795584800662200100,Schwann_cell
2787889600548100007,oligodendrocyte_2
2726543700130100241,DH_ex_Grpr
2787445900897100119,oligodendrocyte_progenitor_2
2656144900087100199,oligodendrocyte_1
2945606900000018180,oligodendrocyte_progenitor_2
2787889600243100087,oligodendrocyte_progenitor_2
2787889600195100027,oligodendrocyte_progenitor_2
2796212800789100153,alpha_motoneuron
2946331700000005337,astrocyte_2
2795584800622100271,MV_in_Sema5b
2796212800530100083,DH_in_Cdh3
2787445900760100157,oligodendrocyte_progenitor_2
2707737900060100075,oligodendrocyte_progenitor_2
2796212800716100204,DH_in_Cdh3
2726544200049100177,M_in_Tfap2b
2795103300380100164,DM_ex_Zfhx3
2795903600401100265,oligodendrocyte_progenitor_2
2795903600115100061,MV_in_Sema5b
2795584800387100146,oligodendrocyte_2
2656144900211200145,astrocyte_1
2787445900266100077,astrocyte_1
2787889600451100060,oligodendrocyte_progenitor_2
2946331700000004864,astrocyte_1
2787445900131100184,DH_in_Cdh3
2707737900130100020,oligodendrocyte_1
2656144300124100149,oligodendrocyte_progenitor_2
2787445900723100062,DM_ex_Zfhx3
2787445900657100121,MV_ex_Syt2
2707737900061100218,MV_in_Esrrb
2656143800417100043,M_ex_Neurod2
2795903600033100152,MV_in_Sema5b
2795903600544100068,DH_ex_Grp
2707604700389100280,DH_ex_Sox5/Tac1
2787889600097100103,oligodendrocyte_2
2656144900235100078,DH_ex_Grpr
2707604800143100152,oligodendrocyte_precursor_cell
2796212800108100035,oligodendrocyte_2
2795584800638100163,alpha_motoneuron
2787445900189100011,DH_ex_Prkcg/Rxfp1
2787889600361100299,DH_in_Pdyn
2946331700000010529,oligodendrocyte_progenitor_2
2795903600347100150,astrocyte_1
2656143800079100239,oligodendrocyte_progenitor_2
2795103300346100032,oligodendrocyte_progenitor_2
2707604700271100271,DH_ex_Reln/Nmur2
2795584800382100038,oligodendrocyte_precursor_cell
2787445900897100125,gamma_motoneuron
2946331700000022340,astrocyte_1
2795903600346100066,endothelial
2796212800431100179,M_in_Tfap2b
2796212800592100152,oligodendrocyte_precursor_cell
2795903600670100301,oligodendrocyte_1
2796212800667100246,MV_ex_Syt2
2787445900947200022,oligodendrocyte_progenitor_2
2946331700000002720,oligodendrocyte_2
2787445900124100058,alpha_motoneuron
2946331700000004783,MV_in_Gabra1
2796212800697100118,alpha_motoneuron
2796212801044100174,oligodendrocyte_2
2787889600350100076,oligodendrocyte_progenitor_2
2707604700226200024,oligodendrocyte_2
2796212800593100303,astrocyte_1
2795903600291100036,oligodendrocyte_progenitor_1
2787445900727100064,microglia
2707604800362100174,astrocyte_1
2787445900247100062,meninges_1
2787889600513100050,gamma_motoneuron
2796212800747100266,DM_ex_Zfhx3
2787445900132100109,endothelial
2787889600409100257,DM_ex_Zfhx3
2787445900696100050,oligodendrocyte_progenitor_2
2946331700000003592,astrocyte_1
2787889600160100040,oligodendrocyte_2
2787445900300100101,DH_ex_Nmu/Tac2
2656144900302100137,meninges_2
2787445900805100131,DH_ex_Reln/Nmur2
2707737900134100094,oligodendrocyte_progenitor_2
2707604700108100219,MV_ex_Syt2
2787889600314100187,oligodendrocyte_progenitor_2
2795903600088100173,oligodendrocyte_1
2656143800027100079,DH_ex_Reln
2787889600478100195,MV_in_Gm26673
2787445900132100025,DM_ex_Zfhx3
2795903600437100111,oligodendrocyte_progenitor_2
2656144900478100187,oligodendrocyte_progenitor_2
2787445900546100097,oligodendrocyte_2
2726544600107100115,DH_in_Rorb
2787445900754100055,MV_in_Gabra1
2726544600193100074,oligodendrocyte_1
2796212800142100176,DH_ex_Maf/Cck
2795903600407100054,oligodendrocyte_progenitor_2
2656144900504100028,astrocyte_1
2787445900581100158,oligodendrocyte_progenitor_2
2796212800560100116,oligodendrocyte_progenitor_2
2707604000109200065,astrocyte_2
2707604700272100197,DH_ex_Reln/Nmur2
2707604800362200124,astrocyte_1
2707737900048100135,oligodendrocyte_1
2787889600423100070,oligodendrocyte_2
2787889600243100143,oligodendrocyte_progenitor_2
2945606900000003086,endothelial
2796212800364100214,oligodendrocyte_1
2656144300163100224,astrocyte_1
2787445900860100234,oligodendrocyte_progenitor_2
2946331700000020137,astrocyte_1
2656143800192100126,astrocyte_1
2946331700000003125,endothelial
2787445900130100031,DH_ex_Reln/Nmur2
2707604700271100071,endothelial
2656143800443100251,MV_in_Esrrb
2656144900641100182,oligodendrocyte_precursor_cell
2796212800386100086,oligodendrocyte_progenitor_2
2787445900364100014,oligodendrocyte_progenitor_2
2656144900262100141,endothelial
2787445900206100095,oligodendrocyte_progenitor_2
2787445900462100112,oligodendrocyte_precursor_cell
2946331700000005328,oligodendrocyte_2
2945606900000001402,DM_ex_Zfhx3
2787445900359100140,MV_in_Gm26673
2656144900557100150,oligodendrocyte_progenitor_2
2787445900226100209,DH_ex_Maf/Cck
2707604000110200186,DH_in_Cdh3
2946331700000004461,DH_ex_Maf/Cck
2795903600590200059,DH_ex_Reln
2656144300040100142,MV_ex_Syt2
2726543700206100102,oligodendrocyte_progenitor_2
2707604700094100194,DH_ex_Cpne4
2707604800141200037,oligodendrocyte_progenitor_2
2707604800142100084,visceral_motoneuron
2787445900623100023,astrocyte_1
2787445900285100105,microglia
2707604000108100195,MV_in_Gm26673
2707604700340100143,M_in_Tfap2b
2787889600128100129,endothelial
2787445900364100177,alpha_motoneuron
2796212800694100256,meninges_3
2945606900000014578,MV_in_Sema5b
2707604700069200116,DM_ex_Zfhx3
2707604700249100272,oligodendrocyte_2
2707604700095200020,DH_ex_Reln
2795903600168200139,oligodendrocyte_progenitor_2
2795103300380100211,MV_in_Gabra1
2787445900097100192,DH_in_Cdh3
2945606900000006393,astrocyte_1
2707604800040100101,astrocyte_2
2656144300209100108,endothelial
2787889600448100015,astrocyte_1
2787445900621100040,astrocyte_1
2787445900132100127,oligodendrocyte_1
2707604700340100184,astrocyte_1
2707604800444100062,DH_ex_Maf/Cck
2787889600129100068,oligodendrocyte_progenitor_2
2787445900251100096,oligodendrocyte_2
2707604700037100181,astrocyte_1
2796212800952200037,endothelial
2707604800342100161,oligodendrocyte_progenitor_2
2787445900585200151,astrocyte_1
2796212800756100105,oligodendrocyte_2
2795903600374100062,oligodendrocyte_progenitor_2
2656144900218100074,oligodendrocyte_2
2787445900583100044,astrocyte_1
2796212800792100170,MV_ex_Syt2
2796212800460100068,oligodendrocyte_progenitor_2
2787889600421100089,oligodendrocyte_progenitor_2
2656143800130100147,astrocyte_1
2787889600362100072,oligodendrocyte_progenitor_2
2707604800197100049,oligodendrocyte_2
2787445900300100111,DH_ex_Grpr
2656144900191100095,astrocyte_1
2795584800204100216,oligodendrocyte_progenitor_2
2787889600312100176,DH_ex_Tac2
2707604800121100071,astrocyte_1
2787445900733100021,astrocyte_1
2787889600444100103,astrocyte_1
2707604700109200065,endothelial
2707604000058100040,DH_ex_Sox5
2795584800456100019,astrocyte_1
2726543700099100155,MV_in_Gabra1
2787889600546100276,astrocyte_1
2707604800364100255,astrocyte_1
2656144300147100099,DH_in_Cdh3
2795903600269100143,M_in_Tfap2b
2726544600432100046,MV_in_Esrrb
2787445900499100040,oligodendrocyte_2
2795903600694100063,endothelial
2787889600230100285,oligodendrocyte_progenitor_2
2787889600521100075,astrocyte_2
2787889600451100024,MV_ex_Shox2
2656143800166100152,endothelial
2795903600670100260,DH_ex_Prkcg/Nts
2707604700132100313,DH_ex_Reln/Nmur2
2946331700000002115,MV_in_Sema5b
2796212800668100186,DH_in_Pdyn
2787445900265100186,oligodendrocyte_progenitor_1
2787445900694100071,astrocyte_1
2707604700154100041,meninges_1
2656144900538100176,oligodendrocyte_2
2707604000056100280,oligodendrocyte_progenitor_2
2787445900253100243,DH_in_Cdh3
2787445900462100188,astrocyte_1
2795903600320100057,oligodendrocyte_progenitor_2
2656143800416100337,oligodendrocyte_2
2795103300160100139,oligodendrocyte_progenitor_2
2726544600430100113,microglia
2656143800391100068,DH_ex_Reln/Npff
2656144900111100295,astrocyte_1
2787889600413100171,DH_in_Npy
2796212800715100183,M_ex_Vsx2
2795584800345100134,oligodendrocyte_progenitor_2
2796212800077100122,oligodendrocyte_progenitor_2
2787445900621100038,DH_in_Npy
2787445900435100150,endothelial
2787889600387100114,oligodendrocyte_progenitor_2
2795584800484100036,oligodendrocyte_2
2796212800431200065,DH_in_Cdh3
2787445900262100070,DH_in_Npy
2707604700107100135,endothelial
2787445900254100010,oligodendrocyte_progenitor_2
2656144900422100192,astrocyte_2
2787889600352100143,astrocyte_1
2707737900098100154,oligodendrocyte_2
2656143800240200041,oligodendrocyte_2
2707737900146100296,oligodendrocyte_progenitor_2
2796212800920100114,astrocyte_1
2707604700131100096,oligodendrocyte_progenitor_2
2795903600541100085,oligodendrocyte_progenitor_2
2707604700059100157,astrocyte_1
2787889600312100040,DH_ex_Grpr
2795903600401100105,astrocyte_1
2945606900000029246,oligodendrocyte_2
2707604700108100045,astrocyte_1
2796212800242100131,oligodendrocyte_precursor_cell
2656143800155100195,oligodendrocyte_1
2656144900397100020,oligodendrocyte_2
2795103300096100030,oligodendrocyte_2
2795103300445100078,DH_in_Npy
2707604800080100051,MV_in_Gabra1
2726543700196100191,oligodendrocyte_1
2707604700388100033,oligodendrocyte_2
2787889600131100143,oligodendrocyte_progenitor_2
2796212800667100244,oligodendrocyte_1
2795903600115100046,oligodendrocyte_1
2795903600143100151,DH_ex_Nmu/Tac2
2707604700250100274,DH_ex_Prkcg/Nts
2707604700250100288,DH_ex_Tac2
2796212800760100130,DH_ex_Reln/Nmur2
2707604700060100150,MV_ex_Shox2
2795903600322200203,oligodendrocyte_progenitor_2
2795584800389100178,oligodendrocyte_progenitor_2
2795584800350100094,oligodendrocyte_progenitor_2
2726562700278100097,MV_in_Gm26673
2945606900000008081,MV_ex_Syt2
2796212800792100340,DM_ex_Zfhx3
2787889600380100030,DH_ex_Reln/Npff
2726562700161100014,astrocyte_1
2795584800389100155,MV_ex_Syt2
2795903600115100246,oligodendrocyte_progenitor_2
2656144900636100066,oligodendrocyte_2
2795903600185100182,astrocyte_1
2656144900404100101,meninges_1
2656144900423100047,astrocyte_1
2656144900504100036,alpha_motoneuron
2726544600384100098,MV_in_Sema5b
2787445900686100267,DH_ex_Tac2
2707604800217200019,meninges_1
2787445900720100065,oligodendrocyte_2
2707737900089100044,astrocyte_2
2787445900134100039,DH_ex_Maf/Slc17a8
2795903600644100287,DH_ex_Nmu/Tac2
2796212800328100134,oligodendrocyte_progenitor_2
2946331700000008878,MV_in_Gm26673
2787445900248100149,DH_ex_Grpr
2656143800078100088,oligodendrocyte_2
2787445900226100166,oligodendrocyte_2
2787445900230100055,oligodendrocyte_progenitor_2
2787445900401100145,oligodendrocyte_2
2787445900263100103,DH_ex_Reln/Nmur2
2795103300191100159,endothelial
2787445900582100088,DM_ex_Zfhx3
2946331700000012790,DH_ex_Reln/Nmur2
2656144900377100275,DH_in_Cdh3
2796212800823100141,MV_in_Gm26673
2795584800344100173,alpha_motoneuron
2795903600115100166,MV_in_Gabra1
2787889600093100313,oligodendrocyte_2
2656144300148100276,oligodendrocyte_2
2795903600517100073,endothelial
2707737900114100062,astrocyte_2
2945606900000028694,DM_ex_Zfhx3
2707604700091100154,DH_in_Pdyn
2795903600479100090,astrocyte_1
2707604700412100140,DH_ex_Gpr83
2707604700084100222,oligodendrocyte_progenitor_2
2787889600315100076,oligodendrocyte_progenitor_2
2945606900000009968,DH_in_Cdh3
2946331700000003455,oligodendrocyte_progenitor_2
2787445900860100222,endothelial
2787445900545100231,DH_ex_Prkcg/Nts
2795903600514100054,endothelial
2795584800066100049,oligodendrocyte_2
2787445900660100125,MV_ex_Shox2
2795584800120100122,oligodendrocyte_2
2656144900557100276,microglia
2707604000110100030,astrocyte_1
2656144900235100192,astrocyte_1
2796212800592100073,astrocyte_1
2787445900441100114,meninges_1
2656144900112100126,oligodendrocyte_progenitor_2
2707604700107100170,MV_ex_Syt2
2795584800492100040,oligodendrocyte_precursor_cell
2656144900289100093,astrocyte_1
2795903600437100031,oligodendrocyte_progenitor_2
2946331700000017255,DH_ex_Reln
2946331700000018909,endothelial
2787889600373100052,DH_in_Cdh3
2795103300150100164,meninges_3
2656143800167100064,oligodendrocyte_2
2796212800233100028,astrocyte_2
2795103300331200093,MV_in_Sema5b
2787445900790100050,alpha_motoneuron
2795584800375100042,astrocyte_1
2787445900588100050,astrocyte_2
2656144300102100117,DH_ex_Nmu/Tac2
2796212800746100111,MV_in_Gm26673
2787889600130100089,oligodendrocyte_progenitor_2
2787445900623100063,MV_in_Gm26673
2787445900243100202,astrocyte_2
2726543700206100059,endothelial
2787889600132100132,oligodendrocyte_1
2787445900763100057,astrocyte_1
2656144900615100243,astrocyte_1
2787445900896100122,M_ex_Vsx2
2787445900511100080,DH_ex_Grpr
2656144900505100088,oligodendrocyte_progenitor_2
2795584800381100131,oligodendrocyte_2
2787445900401100063,alpha_motoneuron
2787445900598100044,MV_in_Sema5b
2787889600415100110,endothelial
2796212800365100136,MV_in_Gabra1
2707604800383100110,oligodendrocyte_1
2656144900640100093,DH_ex_Prkcg/Cck
2787445900363100058,astrocyte_1
2656144900589100181,oligodendrocyte_2
2796212800231100128,oligodendrocyte_1
2795103300232100255,DH_ex_Sox5
2946331700000012474,MV_in_Gabra1
2656144900474200050,endothelial
2796212800452100100,oligodendrocyte_progenitor_2
2796212800980100312,DH_ex_Cpne4
2945606900000009940,DH_ex_Maf/Cck
2796212800397100268,oligodendrocyte_1
2795903600268100250,oligodendrocyte_progenitor_2
2787445900361100302,oligodendrocyte_progenitor_2
2787445900661100012,astrocyte_1
2656144900235100234,DH_ex_Grpr
2787889600134100102,oligodendrocyte_2
2795103300153100107,astrocyte_1
2787445900623100215,astrocyte_2
2707737900035100015,astrocyte_2
2707604700343200167,oligodendrocyte_progenitor_2
2787889600132100052,alpha_motoneuron
2787445900822100018,astrocyte_2
2707604800035100204,oligodendrocyte_progenitor_2
2787889600244100005,meninges_1
2795584800361100068,oligodendrocyte_progenitor_2
2707604800383200154,astrocyte_1
2787445900550100051,DH_ex_Cpne4
2707604000067100089,astrocyte_1
2795103300119100166,oligodendrocyte_progenitor_2
2795584800457100229,DH_ex_Maf/Cck
2796212800593100268,astrocyte_1
2707604800081100190,meninges_1
2707604000069100133,oligodendrocyte_2
2796212800395100060,alpha_motoneuron
2726544600133100095,DH_ex_Sox5
2795584800100100090,oligodendrocyte_progenitor_2
2787445900787100042,oligodendrocyte_2
2787889600129100224,endothelial
2796212800594100112,DH_in_Npy
2795103300411100048,MV_in_Sema5b
2795584800203100252,astrocyte_1
2795584800124100128,astrocyte_1
2787445900172100036,DM_ex_Zfhx3
2656144900583100038,MV_in_Sema5b
2656144900558100064,oligodendrocyte_1
2787889600353100105,MV_ex_Syt2
2656144900608100061,M_ex_Vsx2
2795584800447100098,DH_in_Npy2r
2656144900561100045,DH_ex_Sox5
2787445900323100239,astrocyte_1
2707604800403100218,astrocyte_1
2795584800383100181,DH_in_Npy
2707604000011100071,astrocyte_1
2656144900557100234,oligodendrocyte_progenitor_2
2707737900087100058,MV_in_Gabra1
2945606900000001756,pericyte
2656144900111100097,endothelial
2707604800322100214,oligodendrocyte_2
2945606900000006612,astrocyte_1
2787889600127100075,astrocyte_1
2795103300232100240,DH_ex_Cpne4
2795103300365100126,endothelial
2946331700000019105,astrocyte_1
2787445900547100025,oligodendrocyte_1
2795903600300100016,astrocyte_2
2707604800219200109,oligodendrocyte_progenitor_2
2787889600195200179,astrocyte_1
2787445900174100108,oligodendrocyte_progenitor_2
2946331700000010557,oligodendrocyte_2
2707737900133100031,oligodendrocyte_2
2787445900265200175,DH_in_Pdyn
2656144900582100194,astrocyte_1
2787445900284100140,DH_in_Cdh3
2795584800205100011,visceral_motoneuron
2795584800447100190,MV_ex_Syt2
2787445900088100014,MV_in_Gm26673
2795903600670100181,DH_ex_Maf/Cck
2707604800283100101,DH_in_Npy
2787889600480100212,oligodendrocyte_2
2707737900020100176,astrocyte_1
2795103300311100153,oligodendrocyte_progenitor_2
2707737900021100215,MV_ex_Syt2
2787445900726100087,DH_ex_Gpr83
2795903600694200096,oligodendrocyte_progenitor_2
2795903600300100094,DH_ex_Reln
2787445900300100143,oligodendrocyte_progenitor_2
2707604800055200105,endothelial
2795584800707100074,MV_ex_Shox2
2796212800395100023,oligodendrocyte_progenitor_2
2787889600360100128,oligodendrocyte_progenitor_2
2787889600398100105,astrocyte_1
2787445900545100244,DH_in_Cdh3
2796212800951100055,MV_in_Gm26673
2707604700200100129,astrocyte_1
2787445900549200137,astrocyte_1
2787445900499100106,MV_ex_Shox2
2795103300380100154,astrocyte_1
2707604800242100246,astrocyte_2
2707604800013100070,astrocyte_1
2795584800421100195,astrocyte_1
2796212800441100098,DH_ex_Tac2
2795584800413100210,oligodendrocyte_progenitor_2
2796212800428100044,oligodendrocyte_2
2787445900807100026,oligodendrocyte_1
2656143800002100104,DH_ex_Reln/Npff
2656144900263100248,oligodendrocyte_progenitor_1
2795103300181100042,MV_in_Esrrb
2787889600351100210,astrocyte_1
2787889600196100073,astrocyte_1
2787889600351200155,M_ex_Vsx2
2656144900264100117,astrocyte_1
2656144900110100150,DH_in_Pdyn/Gal
2796212800142100307,DH_in_Pdyn/Gal
2787889600449100115,MV_in_Gm26673
2796212800921100140,astrocyte_1
2787445900173100057,oligodendrocyte_progenitor_2
2787445900657200032,oligodendrocyte_precursor_cell
2707604000068100031,astrocyte_2
2707604800242100186,endothelial
2656143800127100065,astrocyte_1
2707604700251100103,DH_in_Npy2r
2795903600301100200,astrocyte_1
2796212800386100156,M_ex_Vsx2/Shox2
2795103300400100122,DH_ex_Prkcg/Rxfp1
2787445900249100094,DH_ex_Reln/Npff
2795903600347100127,astrocyte_1
2787445900300100096,endothelial
2796212800207100227,astrocyte_2
2796212800849100029,astrocyte_2
2787889600231100110,oligodendrocyte_progenitor_2
2796212800423100074,DH_ex_Grpr
2787889600478100024,M_ex_Vsx2
2787445900298100071,astrocyte_1
2795584800202100263,astrocyte_1
2707604700130100085,endothelial
2726562700099100024,oligodendrocyte_progenitor_2
2795584800410100174,oligodendrocyte_progenitor_1
2795584800240100142,endothelial
2707737900088100031,MV_ex_Syt2
2795584800237100088,DH_ex_Prkcg/Nts
2796212800978100185,oligodendrocyte_progenitor_2
2787445900087100066,astrocyte_1
2796212800461100030,astrocyte_1
2795903600322100124,DH_ex_Prkcg/Rxfp1
2787445900097100156,oligodendrocyte_2
2707604800122100027,endothelial
2656143800153100186,oligodendrocyte_precursor_cell
2795903600480100029,oligodendrocyte_progenitor_2
2796212800812100022,DH_ex_Reln/Npff
2946331700000019986,oligodendrocyte_progenitor_2
2787889600059100169,endothelial
2795584800497100050,astrocyte_2
2707604800382100288,MV_in_Esrrb
2795103300332100121,visceral_motoneuron
2787445900286100034,oligodendrocyte_2
2795584800185100374,DH_in_Pdyn
2787445900051100018,DH_ex_Reln
2707604000140100236,DH_ex_Reln/Nmur2
2787445900548100191,endothelial
2726562700236200073,endothelial
2656144900590100147,astrocyte_1
2795903600437100198,oligodendrocyte_progenitor_2
2795584800414100103,oligodendrocyte_2
2796212800263200117,oligodendrocyte_progenitor_2
2656144900264100084,astrocyte_1
2707604700247100014,M_in_Tfap2b
2787445900288100051,DH_ex_Maf/Cck
2795903600437100208,astrocyte_1
2795903600266100057,oligodendrocyte_progenitor_2
2787889600412100011,DH_ex_Reln/Nmur2
2946331700000008180,DH_in_Npy
2946331700000012524,DH_ex_Tac2
2707604700061100043,oligodendrocyte_progenitor_2
2656144900447100182,meninges_2
2656143800419100052,oligodendrocyte_progenitor_2
2656144900590100224,M_in_Tfap2b
2707604700272100275,astrocyte_1
2795103300156100109,oligodendrocyte_progenitor_2
2795584800205100132,MV_in_Gabra1
2795103300446100268,DH_ex_Sox5
2787445900544100141,DH_ex_Grpr
2787889600318100047,oligodendrocyte_2
2787445900052100146,DH_ex_Prkcg/Nts
2787445900095100008,astrocyte_2
2707737900073200091,oligodendrocyte_2
2787889600477200027,oligodendrocyte_1
2795103300447100148,DH_ex_Maf/Cck
2945606900000004751,DH_in_Cdh3
2795103300194100337,DH_in_Npy
2656144900615100203,astrocyte_1
2795903600322100118,DH_ex_Prkcg/Cck
2726543700097100313,DH_ex_Maf/Cck
2787445900464100054,astrocyte_1
2945606900000010133,DH_ex_Gpr83
2795103300063100209,DH_ex_Sox5
2787445900623100066,MV_in_Gabra1
2795584800202100150,astrocyte_1
2787445900622100024,astrocyte_1
2796212800362100123,MV_in_Sema5b
2795584800413100112,astrocyte_1
2796212800451100154,oligodendrocyte_1
2787889600232100161,oligodendrocyte_progenitor_2
2707604700250100083,DM_ex_Zfhx3
2707604700085100044,oligodendrocyte_progenitor_2
2707737900049100187,DH_in_Cdh3
2946331700000018805,DH_in_Npy2r
2795103300400100145,DH_ex_Sox5/Tac1
2787445900284100137,DH_in_Rorb
2946331700000004465,DH_ex_Maf/Cck
2787889600056100114,astrocyte_1
2656144900164100064,astrocyte_1
2795903600352100073,astrocyte_1
2707737900088100239,oligodendrocyte_progenitor_2
2796212800526100160,astrocyte_2
2796212800919100038,oligodendrocyte_1
2795584800450100157,astrocyte_2
2707604700082100029,oligodendrocyte_progenitor_2
2787445900253100287,DH_in_Cdh3
2787445900170100194,astrocyte_1
2656143800128100230,astrocyte_1
2795103300084100216,oligodendrocyte_2
2796212800455100174,oligodendrocyte_progenitor_2
2796212800855100249,MV_in_Gabra1
2795103300441100030,oligodendrocyte_precursor_cell
2726543700506100050,MV_in_Esrrb
2656144900474100106,endothelial
2707604700412100082,DH_ex_Nmu/Tac2
2656144900111100226,DM_ex_Zfhx3
2787889600131100110,astrocyte_1
2795903600453100265,M_ex_Vsx2
2656144900165100120,oligodendrocyte_progenitor_2
2787445900098100204,DH_in_Pdyn/Gal
2726544600191100130,DH_ex_Nmu/Tac2
2946331700000020413,oligodendrocyte_2
2795103300164100088,alpha_motoneuron
2707604800060100165,oligodendrocyte_progenitor_2
2795903600355100083,DH_in_Cdh3
2707604800119200009,endothelial
2787889600386100158,MV_in_Gm26673
2946331700000015008,astrocyte_1
2707604700070100079,oligodendrocyte_2
2787889600451100115,oligodendrocyte_progenitor_2
2656144900034200010,oligodendrocyte_progenitor_2
2796212800779100078,oligodendrocyte_progenitor_2
2707604000101100053,DH_ex_Prkcg/Nts
2946331700000021509,oligodendrocyte_progenitor_2
2787445900390100128,oligodendrocyte_2
2787445900822100099,DH_in_Cdh3
2796212800208200185,astrocyte_1
2656144900535100028,astrocyte_1
2795103300376100111,alpha_motoneuron
2796212800397100057,oligodendrocyte_progenitor_2
2656143800079100147,MV_ex_Syt2
2795584800713100127,DH_in_Pdyn
2795103300154100100,oligodendrocyte_1
2787445900753100174,oligodendrocyte_progenitor_2
2787889600616100075,oligodendrocyte_progenitor_2
2796212800530100059,astrocyte_1
2726562800059100090,astrocyte_1
2707737900045100044,Schwann_cell
2795903600114100183,M_ex_Vsx2
2656143800418100082,visceral_motoneuron
2795903600373100194,oligodendrocyte_progenitor_2
2795903600668100107,astrocyte_1
2787889600408100222,MV_in_Gabra1
2796212800617100017,MV_in_Esrrb
2795903600348100281,DH_in_Rorb
2946331700000003391,oligodendrocyte_progenitor_2
2787889600387100065,MV_in_Gm26673
2796212800592100090,gamma_motoneuron
2946331700000005599,astrocyte_1
2707604800185100018,oligodendrocyte_progenitor_2
2796212800528100097,MV_in_Gabra1
2946331700000014914,oligodendrocyte_progenitor_2
2726544600404200076,astrocyte_2
2707604800219100140,endothelial
2707737900049100121,astrocyte_1
2796212800617200075,astrocyte_1
2656143800129100141,oligodendrocyte_progenitor_2
2795584800458100073,astrocyte_1
2656143800192100011,oligodendrocyte_2
2946331700000017628,oligodendrocyte_progenitor_2
2787889600451100170,alpha_motoneuron
2795584800708100070,M_ex_Vsx2
2796212801044100034,DH_in_Npy
2787889600230100024,oligodendrocyte_progenitor_2
2796212800657100050,alpha_motoneuron
2656144900288100057,astrocyte_1
2787889600554100065,oligodendrocyte_precursor_cell
2707604800014100137,DM_ex_Zfhx3
2707737900036100050,oligodendrocyte_1
2945606900000014493,astrocyte_1
2707604700224100201,endothelial
2787445900656100025,M_ex_Vsx2
2787445900195100080,oligodendrocyte_progenitor_2
2787889600266100053,M_ex_Vsx2
2707604700316100114,oligodendrocyte_progenitor_2
2726562800078100160,DH_ex_Prkcg/Nts
2795584800161100209,oligodendrocyte_progenitor_2
2796212800231100186,MV_in_Gabra1
2787889600312100060,DH_ex_Maf/Cck
2656144900535100166,endothelial
2796212800595100183,DH_ex_Nmu/Tac2
2787445900328100077,oligodendrocyte_precursor_cell
2795103300230100101,oligodendrocyte_1
2787445900753200090,endothelial
2707604700389100156,astrocyte_1
2656144300147100263,DM_ex_Zfhx3
2787445900394200081,oligodendrocyte_progenitor_2
2946331700000007236,alpha_motoneuron
2656143800215100046,MV_in_Gm26673
2795103300160100308,MV_in_Sema5b
2656144900542100265,astrocyte_1
2707604800239100111,alpha_motoneuron
2795584800457200172,MV_in_Gabra1
2787445900805100055,DH_ex_Grpr
2707604800221100081,oligodendrocyte_2
2945606900000000788,oligodendrocyte_2
2945606900000001492,DH_in_Npy2r
2656143800419100155,astrocyte_1
2787445900500100018,astrocyte_2
2787445900859100039,astrocyte_1
2707604700067100153,oligodendrocyte_progenitor_2
2787889600481100175,endothelial
2795903600185100110,astrocyte_1
2795584800427100154,oligodendrocyte_progenitor_2
2707737900048100095,oligodendrocyte_progenitor_2
2707604800034100144,M_in_Tfap2b
2795584800201100057,oligodendrocyte_progenitor_2
2946331700000000747,alpha_motoneuron
2726544200059200154,DM_ex_Zfhx3
2796212800945100032,astrocyte_1
2787445900686100225,DH_in_Npy2r
2707604800082100234,oligodendrocyte_2
2787889600445100185,astrocyte_1
2795903600481100028,MV_ex_Syt2
2795903600295100067,astrocyte_1
2656143800367100123,MV_in_Gm26673
2787445900325100180,MV_in_Esrrb
2787445900681100189,DH_ex_Sox5/Tac1
2656144900350100038,microglia
2796212800812100166,DH_ex_Sox5
2787445900226100056,DH_in_Npy2r
2787889600193100192,oligodendrocyte_progenitor_2
2656143800419100029,astrocyte_1
2726542200031100018,oligodendrocyte_progenitor_2
2787889600349100104,oligodendrocyte_precursor_cell
2787445900585100114,DM_ex_Zfhx3
2656144900353100110,oligodendrocyte_2
2787445900583100211,MV_in_Gabra1
2656143800367100210,MV_in_Gabra1
2796212800822100040,oligodendrocyte_1
2787445900545100343,DH_ex_Maf/Cck
2795903600267100169,MV_in_Gm26673
2656144900237100070,astrocyte_1
2787445900659100176,MV_ex_Syt2
2787445900252100063,DH_ex_Grpr
2656144300164100066,DH_in_Cdh3
2795903600220200059,oligodendrocyte_progenitor_2
2656144900191100024,astrocyte_1
2707604000169100020,oligodendrocyte_progenitor_2
2795903600186100248,DH_ex_Prkcg/Rxfp1
2796212800584100275,alpha_motoneuron
2707737900060100090,astrocyte_1
2796212800593100184,M_in_Tfap2b
2787445900286100075,oligodendrocyte_precursor_cell
2656143800393200139,endothelial
2707604000070100052,oligodendrocyte_progenitor_2
2656143800102100091,oligodendrocyte_2
2787445900284100190,DH_in_Rorb
2787445900821100099,DH_ex_Reln
2707604000101100114,DH_in_Rorb
2787445900726100090,DM_ex_Zfhx3
2656144900209100100,DH_ex_Nmu/Tac2
2787445900621100257,MV_in_Gm26673
2656144900350100110,DH_ex_Cpne4
2656143800215100120,astrocyte_1
2795103300089100094,astrocyte_1
2796212800921100228,oligodendrocyte_1
2796212800175100022,DH_in_Pdyn
2726562700235100120,oligodendrocyte_1
2946331700000000920,astrocyte_1
2787445900131100190,astrocyte_1
2796212800488100096,oligodendrocyte_2
2656143800444100095,endothelial
2795903600516100029,oligodendrocyte_progenitor_2
2707604700271100060,DH_ex_Maf/Cck
2656144900377100166,DH_ex_Reln/Nmur2
2787889600410100122,Schwann_cell
2707604700362100067,oligodendrocyte_progenitor_2
2707604800404100200,astrocyte_1
2726544600053100206,DH_in_Cdh3
2795584800384100153,oligodendrocyte_progenitor_2
2787889600546100106,DH_ex_Maf/Cck
2795584800412100271,astrocyte_1
2656144900194100157,meninges_2
2656144900190100140,endothelial
2787445900167100148,oligodendrocyte_2
2707604700060100277,MV_in_Gabra1
2787445900597100028,MV_ex_Shox2
2787445900364100046,MV_in_Gm26673
2787445900323100205,MV_ex_Syt2
2656144900211100048,astrocyte_1
2726543700467100133,oligodendrocyte_1
2787889600025100034,oligodendrocyte_progenitor_2
2795103300417100036,astrocyte_1
2707604700296100101,microglia
2787889600278100082,oligodendrocyte_2
2787889600279100065,astrocyte_1
2656144300126100054,astrocyte_2
2787889600386100100,MV_in_Gm26673
2707604800340200053,oligodendrocyte_progenitor_2
2656144900261100074,oligodendrocyte_2
2707604000094100016,oligodendrocyte_2
2795903600479100239,astrocyte_1
2795584800381200084,astrocyte_1
2707604700248100075,oligodendrocyte_progenitor_2
2656143800054100228,oligodendrocyte_1
2707604000055100232,astrocyte_1
2726562700138100108,DH_in_Npy
2787445900297100009,oligodendrocyte_2
2787889600386100122,MV_in_Gm26673
2787445900322100055,DM_ex_Zfhx3
2707604800364100151,oligodendrocyte_2
2707604000070100164,astrocyte_1
2787445900352100026,meninges_1
2656143800081200060,oligodendrocyte_progenitor_2
2656144900530100108,DM_ex_Zfhx3
2795584800224100138,DH_in_Rorb
2656144900478100083,astrocyte_1
2787889600194100140,oligodendrocyte_progenitor_2
2796212800914100038,M_in_Tfap2b
2787445900289100081,MV_in_Gabra1
2656143800155100177,oligodendrocyte_progenitor_2
2707604800040100051,Schwann_cell
2946331700000001602,MV_in_Gabra1
2726544600191100228,oligodendrocyte_1
2707737900061200069,MV_ex_Syt2
2945606900000003399,astrocyte_1
2946331700000004506,DH_in_Cdh3
2787889600317100130,oligodendrocyte_progenitor_2
2656143800029100124,astrocyte_1
2795584800639100106,alpha_motoneuron
2707604700222100113,oligodendrocyte_progenitor_2
2795103300162100290,M_ex_Vsx2/Shox2
2726544600430100081,oligodendrocyte_progenitor_2
2787445900205100154,alpha_motoneuron
2787445900361100177,astrocyte_1
2707737900061100098,endothelial
2796212800694100235,meninges_1
2726543700165100088,oligodendrocyte_1
2796212800715100090,oligodendrocyte_progenitor_2
2796212800307100071,oligodendrocyte_progenitor_2
2707604800343200049,oligodendrocyte_progenitor_2
2787889600056100099,M_in_Tfap2b
2796212800779100031,DM_ex_Zfhx3
2656144300164100052,MV_in_Gabra1
2787445900726100109,DH_ex_Prkcg/Rxfp1
2796212800747100142,M_ex_Neurod2
2787445900756100206,endothelial
2787445900760100139,endothelial
2656144900238100103,astrocyte_1
2707737900047100130,oligodendrocyte_progenitor_2
2656144900212100071,microglia
2795584800639100017,oligodendrocyte_progenitor_2
2796212800591100053,oligodendrocyte_progenitor_2
2796212800823100161,oligodendrocyte_1
2707604800182200013,Schwann_cell
2787445900616100142,meninges_2
2796212800633100256,oligodendrocyte_progenitor_2
2787445900051100174,oligodendrocyte_progenitor_2
2787889600128100148,astrocyte_1
2795903600321100063,oligodendrocyte_progenitor_2
2707604800142100085,MV_ex_Syt2
2656144900211100118,MV_in_Esrrb
2656144900217100121,DH_ex_Grpr
2946331700000001743,oligodendrocyte_progenitor_2
2787445900718100052,MV_in_Esrrb
2787889600244100008,oligodendrocyte_progenitor_2
2787889600515100077,oligodendrocyte_progenitor_2
2795903600062100002,astrocyte_1
2795584800169100057,alpha_motoneuron
2796212800953100023,oligodendrocyte_1
2726562700234100235,DH_in_Cdh3
2795584800203100291,oligodendrocyte_progenitor_2
2795903600348100096,DM_ex_Zfhx3
2795584800384100047,alpha_motoneuron
2946331700000006104,meninges_1
2795584800619100039,oligodendrocyte_2
2787889600443100245,astrocyte_1
2707604700271100132,DH_ex_Sox5/Tac1
2787445900339100085,oligodendrocyte_2
2795903600435100251,MV_in_Gm26673
2795103300367100019,M_in_Tfap2b
2796212800079100098,oligodendrocyte_progenitor_2
2795584800746100087,oligodendrocyte_progenitor_2
2707604800102100164,DH_in_Cdh3
2795584800450100056,DH_in_Cdh3
2707604800141100158,astrocyte_1
2787445900229100234,DH_in_Cdh3
2787445900799100072,oligodendrocyte_progenitor_2
2726543700194100239,endothelial
2796212800386100148,oligodendrocyte_1
2787445900280100080,oligodendrocyte_1
2787445900659100098,astrocyte_1
2656144300132100145,astrocyte_1
2787445900359100056,oligodendrocyte_progenitor_2
2795584800238100172,DH_ex_Tac2
2787889600584200089,astrocyte_1
2707604800364200198,oligodendrocyte_progenitor_2
2796212800855100149,astrocyte_1
2707604000025200116,oligodendrocyte_progenitor_2
2707604000072100098,oligodendrocyte_2
2707737900074100035,M_ex_Vsx2
2946331700000006464,oligodendrocyte_progenitor_2
2795903600489100023,MV_in_Esrrb
2656144300087100143,gamma_motoneuron
2946331700000002818,microglia
2656143800202100009,meninges_3
2707737900063100136,oligodendrocyte_2
2795903600411100118,MV_in_Gabra1
2707604700413100035,DH_ex_Reln/Nmur2
2787889600126100070,pericyte
2726562800058100096,DH_in_Cdh3
2787445900894100015,oligodendrocyte_progenitor_2
2707604800034100244,DM_ex_Zfhx3
2946331700000003517,astrocyte_1
2946331700000008109,oligodendrocyte_2
2795903600348100160,DH_ex_Maf/Cck
2787445900013100031,DH_in_Npy2r
2787445900398100059,oligodendrocyte_progenitor_2
2707604000011100076,oligodendrocyte_progenitor_1
2707604700340100213,endothelial
2946331700000009285,endothelial
2946331700000002700,oligodendrocyte_2
2707604700250100101,astrocyte_1
2707604000055100175,M_ex_Vsx2/Shox2
2796212800398100202,DM_ex_Zfhx3
2787889600583100156,astrocyte_1
2796212800912100182,M_ex_Vsx2/Shox2
2787445900193100019,oligodendrocyte_2
2795584800389100250,DH_in_Cdh3
2787445900762100021,MV_ex_Syt2
2656143800192100075,astrocyte_1
2795103300346100117,oligodendrocyte_progenitor_2
2787445900760100138,astrocyte_1
2787889600414100211,oligodendrocyte_progenitor_2
2795903600320100118,oligodendrocyte_2
2796212800301100042,Schwann_cell
2787889600406100108,DH_ex_Prkcg/Cck
2795584800411100072,oligodendrocyte_progenitor_2
2787889600126100048,astrocyte_2
2787445900512100112,DH_ex_Grpr
2795903600641100172,MV_in_Esrrb
2787889600581200094,endothelial
2787445900285100049,DH_in_Cdh3
2707604800382100271,MV_in_Esrrb
2795903600322100306,DH_in_Npy
2787445900390100089,pericyte
2656144900503100081,DH_in_Npy2r
2795103300120100235,cholinergic_interneuron
2787445900724100200,astrocyte_1
2795903600186100210,DH_ex_Maf/Cck
2795903600353100027,oligodendrocyte_progenitor_2
2656144900537100241,MV_in_Gabra1
2946331700000016270,microglia
2795584800276100024,DH_ex_Reln/Nmur2
2946331700000013471,astrocyte_1
2796212800238100193,oligodendrocyte_progenitor_2
2707737900087100085,M_in_Tfap2b
2787445900389100165,oligodendrocyte_2
2946331700000004269,astrocyte_2
2945606900000008052,meninges_1
2726544600080100046,DH_ex_Prkcg/Cck
2787445900755200125,oligodendrocyte_progenitor_2
2656144900423100068,astrocyte_1
2656144900141100101,alpha_motoneuron
2795903600615100188,oligodendrocyte_1
2795903600518100152,DH_in_Npy2r
2787889600278100062,oligodendrocyte_progenitor_2
2795903600402100044,DH_in_Pdyn/Gal
2726562700255100194,oligodendrocyte_1
2656144900235100035,DH_in_Npy
2656144900477100102,astrocyte_1
2796212800946100084,M_in_Tfap2b
2787889600090100064,oligodendrocyte_2
2796212800527100035,oligodendrocyte_progenitor_2
2795103300400100093,DH_ex_Maf/Slc17a8
2796212800919100139,alpha_motoneuron
2795903600696100063,DH_ex_Maf/Cck
2787445900361100109,oligodendrocyte_progenitor_2
2795584800202100165,astrocyte_1
2787889600163100086,oligodendrocyte_progenitor_2
2945606900000006829,astrocyte_1
2787889600166100029,oligodendrocyte_precursor_cell
2787445900621200087,oligodendrocyte_2
2796212800788200019,oligodendrocyte_progenitor_2
2795584800709100117,endothelial
2726543700197100056,alpha_motoneuron
2795584800736100093,oligodendrocyte_progenitor_2
2796212800302100037,oligodendrocyte_2
2707604000140100213,DH_in_Npy2r
2795903600142100254,oligodendrocyte_progenitor_2
2787889600231100313,oligodendrocyte_progenitor_2
2787445900804100257,DH_ex_Reln/Nmur2
2787445900157100030,astrocyte_2
2656143800192100168,astrocyte_1
2656143800191200106,astrocyte_1
2787445900582100098,DH_in_Cdh3
2795903600327100124,DM_ex_Zfhx3
2787889600280100217,microglia
2946331700000000808,oligodendrocyte_precursor_cell
2795584800705100032,oligodendrocyte_2
2787889600134100064,oligodendrocyte_2
2795903600435100167,oligodendrocyte_2
2796212800452100033,oligodendrocyte_2
2707604800143100197,DH_ex_Prkcg/Nts
2796212800537100130,DH_ex_Cpne4
2707604800122100035,oligodendrocyte_progenitor_2
2796212800333100283,DH_in_Cdh3
2945606900000008823,meninges_1
2796212800529100178,astrocyte_1
2707604000110100163,oligodendrocyte_precursor_cell
2787889600230100244,astrocyte_1
2726562800258100138,DH_in_Cdh3
2795903600144100076,DH_ex_Reln/Npff
2787889600230200084,astrocyte_1
2796212800979100219,oligodendrocyte_2
2707604700249100104,oligodendrocyte_progenitor_2
2787445900397100214,oligodendrocyte_progenitor_2
2946331700000012660,astrocyte_1
2795903600242100149,astrocyte_1
2796212800616100086,oligodendrocyte_1
2656144900505200017,oligodendrocyte_progenitor_2
2726562800240100231,oligodendrocyte_1
2795103300481100127,oligodendrocyte_progenitor_2
2787445900398100027,endothelial
2726544200015100198,M_in_Tfap2b
2707604700363100023,oligodendrocyte_progenitor_2
2656143800419100111,MV_in_Gm26673
2787445900462100180,astrocyte_1
2795584800202100068,oligodendrocyte_progenitor_2
2707604000153100044,oligodendrocyte_progenitor_2
2946331700000017790,endothelial
2707604700012100130,oligodendrocyte_2
2795584800455100073,M_ex_Vsx2
2787445900225100194,oligodendrocyte_2
2787889600231100270,DH_ex_Reln
2787445900719100117,oligodendrocyte_progenitor_2
2787889600580100064,DH_ex_Reln/Nmur2
2787889600314100181,DM_ex_Zfhx3
2945606900000003542,astrocyte_1
2656144900368100128,DH_in_Pdyn/Gal
2795103300330100227,oligodendrocyte_progenitor_2
2945606900000028598,astrocyte_1
2787445900363200109,oligodendrocyte_precursor_cell
2656144900634100070,meninges_1
2795584800472100123,DH_in_Npy
2656144900423100024,endothelial
2726562800116100166,DH_in_Pdyn
2787445900762100117,MV_in_Gabra1
2787889600317200073,oligodendrocyte_progenitor_2
2796212800944100083,astrocyte_1
2795903600169100036,M_in_Tfap2b
2796212800788100025,alpha_motoneuron
2726543700227100177,astrocyte_1
2795903600490100211,astrocyte_1
2656144900583100080,meninges_1
2726544600029100120,endothelial
2787889600545200139,oligodendrocyte_progenitor_2
2795903600481100019,endothelial
2787445900288100065,DH_in_Cdh3
2796212800789100148,astrocyte_1
2787445900545100037,astrocyte_2
2795584800226100169,DH_ex_Reln/Nmur2
2707604800221100119,oligodendrocyte_progenitor_2
2656143800218100026,astrocyte_2
2796212800395100109,oligodendrocyte_progenitor_2
2656143800393100039,oligodendrocyte_progenitor_2
2707604000043100074,meninges_2
2945606900000016933,endothelial
2787445900713100100,Schwann_cell
2707604700362100077,oligodendrocyte_progenitor_2
2787445900821100105,DH_in_Cdh3
2787445900304100025,MV_in_Sema5b
2787889600443100098,MV_in_Gabra1
2795103300375100072,oligodendrocyte_2
2707604000152100070,gamma_motoneuron
2787445900224100098,endothelial
2787445900716100163,MV_in_Esrrb
2707604700411100025,oligodendrocyte_progenitor_1
2707737900101100159,DH_ex_Maf/Cck
2796212801104100057,meninges_2
2795103300156100243,DH_in_Cdh3
2787445900132100113,oligodendrocyte_1
2795103300382100291,DH_ex_Reln/Nmur2
2795584800621100161,MV_in_Gabra1
2796212800374100055,oligodendrocyte_progenitor_2
2787445900726100295,DH_ex_Grpr
2795903600544100050,DH_ex_Grpr
2795584800434100129,DH_ex_Nmu/Tac2
2795103300233100076,DH_in_Npy2r
2656144900164100020,oligodendrocyte_progenitor_2
2795903600242100120,DH_ex_Prkcg/Nts
2946331700000012643,DH_ex_Prkcg/Nts
2946331700000008898,oligodendrocyte_1
2656143800443100283,DH_in_Rorb
2656143800028100209,DM_ex_Zfhx3
2787889600353100132,astrocyte_1
2656144900557200196,oligodendrocyte_progenitor_2
2656144900505100160,endothelial
2795584800412100274,MV_in_Gabra1
2787889600092100113,microglia
2787445900290100164,DM_ex_Zfhx3
2796212800978100263,MV_in_Gabra1
2796212800232100066,M_ex_Vsx2/Shox2
2795584800434100180,DH_ex_Sox5/Tac1
2795584800383100128,astrocyte_1
2795903600349200019,DH_ex_Sox5
2795584800345100032,oligodendrocyte_2
2707604000042100215,DH_ex_Maf/Cck
2707604800444100131,MV_in_Sema5b
2707737900086100051,astrocyte_1
2787445900824100076,DH_in_Rorb
2787889600059100118,endothelial
2796212800980100097,DH_ex_Sox5
2656144900395100081,DM_ex_Zfhx3
2707604000094100068,oligodendrocyte_2
2787889600370200019,meninges_1
2707604700341100168,MV_in_Gm26673
2787889600404100034,meninges_2
2795584800137100044,oligodendrocyte_progenitor_2
2787445900753100191,MV_ex_Syt2
2795584800172100175,DH_ex_Gpr83
2795903600267100095,M_ex_Vsx2
2656144900137100136,DH_in_Pdyn
2796212800553100055,oligodendrocyte_progenitor_2
2787445900718100068,endothelial
2787445900362100047,oligodendrocyte_progenitor_2
2795103300441100062,oligodendrocyte_precursor_cell
2707737900050100072,DH_ex_Grp
2787445900361100266,endothelial
2726562700276100069,MV_in_Sema5b
2787445900822100143,DH_ex_Maf/Cck
2707737900099100034,astrocyte_1
2796212800111100115,astrocyte_1
2796212800980200151,astrocyte_2
2787445900625100041,astrocyte_2
2787889600058100241,MV_in_Esrrb
2707737900048100146,oligodendrocyte_1
2707604700084100124,MV_in_Gabra1
2787445900584100218,MV_in_Gabra1
2787889600231200148,endothelial
2787445900194100023,endothelial
2707737900112100044,MV_ex_Syt2
2795103300194100284,oligodendrocyte_2
2795903600464100080,oligodendrocyte_2
2795903600489100199,oligodendrocyte_progenitor_2
2946331700000020172,oligodendrocyte_progenitor_2
2787889600161100067,astrocyte_2
2796212800914100123,DH_ex_Rreb1
2707604700132100202,DH_ex_Tac2
2787889600131100129,oligodendrocyte_progenitor_2
2707604700342100156,oligodendrocyte_progenitor_2
2787445900324100229,astrocyte_1
2787445900395100057,endothelial
2656143800418100052,pericyte
2707604000095100116,DH_ex_Prkcg/Rxfp1
2946331700000000260,oligodendrocyte_2
2795584800406100227,oligodendrocyte_progenitor_2
2796212800141100016,oligodendrocyte_2
2656144900503100077,astrocyte_1
2787889600325100052,DH_ex_Prkcg/Nts
2787445900797100103,oligodendrocyte_precursor_cell
2787445900095100168,DM_ex_Zfhx3
2787889600445100059,astrocyte_1
2656144900377100104,DH_ex_Cpne4
2796212800812100128,DH_in_Klhl14
2787445900462100149,oligodendrocyte_progenitor_2
2656144900589100169,M_ex_Neurod2
2707604000057100061,oligodendrocyte_progenitor_2
2707604700273100063,oligodendrocyte_2
2656144900186100091,alpha_motoneuron
2795584800103100050,beta_motoneuron
2787445900360100163,endothelial
2796212800760100173,oligodendrocyte_precursor_cell
2707604700037100163,oligodendrocyte_progenitor_2
2787889600315100010,astrocyte_1
2787445900288100039,DH_in_Pdyn
2796212800397100107,M_in_Tfap2b
2787445900822100216,DM_ex_Zfhx3
2787889600325100114,DH_in_Pdyn
2795103300195200067,astrocyte_1
2787889600378100099,DH_in_Pdyn/Gal
2787889600353100092,M_ex_Vsx2
2787889600231100248,MV_ex_Syt2
2787445900860100104,oligodendrocyte_progenitor_2
2787445900621100034,MV_in_Gabra1
2787889600057100126,astrocyte_1
2796212800747100057,astrocyte_1
2656144900379100141,meninges_1
2787445900167100039,astrocyte_2
2795903600412100101,astrocyte_2
2796212800422100058,astrocyte_2
2656144900503100046,microglia
2795584800377100142,MV_in_Gm26673
2795584800446100141,microglia
2707737900050100090,astrocyte_2
2656144900477100148,oligodendrocyte_2
2796212800364100246,astrocyte_1
2787445900245100096,endothelial
2796212800585100132,MV_ex_Syt2
2787445900400100124,astrocyte_1
2796212800657100017,astrocyte_1
2726543700164100197,oligodendrocyte_1
2796212800554100225,endothelial
2795103300200100103,oligodendrocyte_precursor_cell
2707604800197100034,oligodendrocyte_2
2795103300191100126,DH_ex_Reln/Nmur2
2707604700318100007,endothelial
2795584800435100142,DH_ex_Maf/Cck
2656143800391100136,MV_ex_Syt2
2707604700039100082,astrocyte_2
2787889600325100016,DH_ex_Reln/Nmur2
2707604800140100092,oligodendrocyte_2
2795584800435100338,DH_in_Pdyn
2787889600315100081,MV_in_Gabra1
2795584800457100280,MV_in_Gabra1
2787445900365100092,oligodendrocyte_2
2787445900427100026,astrocyte_1
2656143800391100075,DH_ex_Reln/Nmur2
2946331700000006679,DH_ex_Prkcg/Cck
2707604700045100079,astrocyte_1
2796212800297100140,astrocyte_1
2796212800232100105,oligodendrocyte_progenitor_2
2795903600543100094,astrocyte_1
2796212800922100252,DH_ex_Maf/Cck
2707604800059100110,astrocyte_1
2795903600353100240,astrocyte_1
2795584800174100056,oligodendrocyte_progenitor_2
2707604800424100030,astrocyte_1
2946331700000018313,oligodendrocyte_1
2726544200036100101,oligodendrocyte_1
2795903600639100073,oligodendrocyte_progenitor_1
2946331700000006729,DH_ex_Sox5/Tac1
2795903600088100166,oligodendrocyte_progenitor_2
2795103300147100257,oligodendrocyte_precursor_cell
2795584800324100017,DH_ex_Grpr
2787445900364100141,oligodendrocyte_2
2707604700037100122,alpha_motoneuron
2796212800888100300,oligodendrocyte_progenitor_2
2787889600486100059,MV_in_Gabra1
2656144900670100124,meninges_2
2787889600095100195,oligodendrocyte_1
2795584800449100151,oligodendrocyte_progenitor_2
2795584800659100256,MV_ex_Syt2
2795584800117100312,M_in_Tfap2b
2707604700061100172,M_in_Tfap2b
2656144900590100122,astrocyte_1
2796212800911100144,gamma_motoneuron
2787445900471100042,oligodendrocyte_2
2707604800381100131,oligodendrocyte_progenitor_2
2787445900588100029,oligodendrocyte_progenitor_2
2795103300230100118,DH_in_Npy
2795903600412200021,oligodendrocyte_precursor_cell
2656144900211100165,astrocyte_1
2787445900717100179,oligodendrocyte_progenitor_2
2787445900753100163,MV_ex_Syt2
2707604700226100134,oligodendrocyte_precursor_cell
2707604800340100069,oligodendrocyte_progenitor_2
2707604800361100081,astrocyte_1
2787889600231100099,M_ex_Vsx2/Shox2
2656144900395100175,oligodendrocyte_2
2796212800463100134,astrocyte_2
2795584800100100114,oligodendrocyte_2
2656143800131100091,alpha_motoneuron
2707604000139100201,endothelial
2795903600481100072,MV_in_Sema5b
2707604000095100159,DH_in_Cdh3
2787889600351100263,M_ex_Vsx2
2707604700271100046,MV_ex_Syt2
2787889600352100099,MV_in_Gm26673
2707604000087100020,oligodendrocyte_2
2656144900395100134,oligodendrocyte_2
2795903600243100223,DH_ex_Maf/Cck
2787445900204100128,astrocyte_1
2795903600438100166,DH_in_Pdyn/Gal
2726562800240100059,astrocyte_1
2787889600409100230,oligodendrocyte_progenitor_2
2795584800388100027,astrocyte_1
2656143800130100146,astrocyte_1
2707604700272100140,oligodendrocyte_progenitor_2
2787445900694100124,astrocyte_1
